source_path,class,original_split,reason,retained_source,sha256,pixel_sha256,error
Testing/meningioma/Te-aug-me_1.jpg,meningioma,Testing,marked_augmented_no_parent_mapping,,19119b197100eb343eef9eb1899e80a111d35b63e51060c53967a54d3bfacfb8,5e63c6cb70d9cdfe0e1c6b7b6070d65487c3aea98dff1f488139fbbc72138325,
Testing/meningioma/Te-aug-me_10.jpg,meningioma,Testing,marked_augmented_no_parent_mapping,,32731608a68560799cfe317e31dd84f6392c2f74df4748d8b680a535b348645d,8bc76f2f743b9a79edefff3113520d74aaba8615276aa6150f991e1336cbe1b0,
Testing/meningioma/Te-aug-me_100.jpg,meningioma,Testing,marked_augmented_no_parent_mapping,,37530c613f63863babf9b3a728adc4f9c30e20bafaa4f2434a87de241923d892,26c73cf4f578697093c40b446cc1dcd9012dfac10a7ddf0253473732ff704277,
Testing/meningioma/Te-aug-me_101.jpg,meningioma,Testing,marked_augmented_no_parent_mapping,,1c51a1110caf7112f7bf084401e96112cef04ac6f20cfa2db12e6cbc11d924dd,c99a65070aa5e1202a94df1a18c035a621b561ba1711b038141c92df4e9d2f38,
Testing/meningioma/Te-aug-me_102.jpg,meningioma,Testing,marked_augmented_no_parent_mapping,,a929c878a157ede326e77ceea993dec51a4b09d2b287bf5e38d27c8906fe6b06,43632cc9f3eba5f8d20376f8089363b9a8a5cdc297fb47185992615db4c096ee,
Testing/meningioma/Te-aug-me_103.jpg,meningioma,Testing,marked_augmented_no_parent_mapping,,c8f3aa0429df2a19db59a5fc1c56d888b65804f491b64f9df22e04a4c2ed0b24,cebb3881126b74647cabcef7d78b3e4359fdcf4b56525aed3a0a8bfb49d0669b,
Testing/meningioma/Te-aug-me_11.jpg,meningioma,Testing,marked_augmented_no_parent_mapping,,d8b43953ead6d6c9ac08b831a87f4db63d060f53ceeacb637c2646c08099746c,b48c6eebfd582edde93a51bbc7b8b087fa32bde342a5342c79bb7435cea2129e,
Testing/meningioma/Te-aug-me_12.jpg,meningioma,Testing,marked_augmented_no_parent_mapping,,6455527badfcd9880d3f0e9bf9f5973872b064d3b0e4a4d5c3b1f67423970408,55ace8c1d6f17d9f7fad268de0431a74d33467e8605e472a5114642e115955a1,
Testing/meningioma/Te-aug-me_13.jpg,meningioma,Testing,marked_augmented_no_parent_mapping,,60efc97e1d2c65cdb3a49f1f2d9a6493eb4af0c8d9979347e81c0af91d6b131b,70d66b0e488433102c472d3d83d83785aa533387e642bce7a97bc814d8393092,
Testing/meningioma/Te-aug-me_14.jpg,meningioma,Testing,marked_augmented_no_parent_mapping,,b0a10ba2593af992f30c613f998fba0f8e9c0b24250f431869339c05b19ac04a,6af2501feccb15f153eee78e19677cfd3768f39eacc813bcab8378c7baa10924,
Testing/meningioma/Te-aug-me_15.jpg,meningioma,Testing,marked_augmented_no_parent_mapping,,fa58dc38c7ec467ea51799728947635d8ac89ad8a733e9e5b64b90529684dc1b,cbcbbc68c0c597fc5e2f781dea59efc088a3ccabdfaa95e72bd65201bd54357c,
Testing/meningioma/Te-aug-me_16.jpg,meningioma,Testing,marked_augmented_no_parent_mapping,,2575cc82469af937942bb5a8b8fe04f7f73e332eb04b046d224754df6defe24f,28d1f8ffeca31d1e4ce08479c9d7d364f906e79e7d17944238496f52be85457b,
Testing/meningioma/Te-aug-me_17.jpg,meningioma,Testing,marked_augmented_no_parent_mapping,,d60bdea3426927d35e394040085a47ac87994698c49821c0e73645480d431304,7e66a34bafdca2d4395aa2193f6fac3202e31788be28701e5a4f360a5195ce77,
Testing/meningioma/Te-aug-me_18.jpg,meningioma,Testing,marked_augmented_no_parent_mapping,,519c39acab614c8a9f1114d748bc5e74c4d5a62b091561088cfa834df9f192fd,63e5be99c3d102ba5631412e408911161d7356364f135bb3add7beb4e55b6dcc,
Testing/meningioma/Te-aug-me_19.jpg,meningioma,Testing,marked_augmented_no_parent_mapping,,5856f824f11de63dfdbbca3840187fc0a8aa8915f5e242ae8e3d1883e2bc2e1f,6f61098dd55fe2b9258782b2a1e05c9dc4dfd62410fe9707d52bf95808e2ea79,
Testing/meningioma/Te-aug-me_2.jpg,meningioma,Testing,marked_augmented_no_parent_mapping,,4d4da9c014ca7248c6c22070c3b1531dde3ab383801796ac3e481343f6027b5a,c37d27840091964d3a5f3e51c3199dcfc03c4ff84debabed1e65b35e9a3c211d,
Testing/meningioma/Te-aug-me_20.jpg,meningioma,Testing,marked_augmented_no_parent_mapping,,55dfbf1c8e7455e4b89d284cf14814bcb117cd2cfecba9ab7cfde32b10edd35f,e48bca215de2088502bc08e1e185253d213abec832590d54aa73edd3efcbab5a,
Testing/meningioma/Te-aug-me_21.jpg,meningioma,Testing,marked_augmented_no_parent_mapping,,46537646d88f7a47d4cf642b153dbae9f49a07dbba40ed68c9f52ac37e0da94e,563b24c0735012d570621437e73263802badf34d84cc44e792fc8dffff8ed4ab,
Testing/meningioma/Te-aug-me_22.jpg,meningioma,Testing,marked_augmented_no_parent_mapping,,c0c90242c4c2c73506a1f3cac9894decfbb6ed0a6b7427856d4d9c50e69adb11,ec424c6a182cbe0df7ca66bf6916d13ed4c0168ac625460f28621d8885c77362,
Testing/meningioma/Te-aug-me_23.jpg,meningioma,Testing,marked_augmented_no_parent_mapping,,88fea43052845ab304d61c5f9a08d4202cbd91588fef3d0f0b756323162fba3d,736d3f140d72955b81e4d7fe57ecd2dc441eec4a22483e6ccb35e5f2a0ef1acf,
Testing/meningioma/Te-aug-me_24.jpg,meningioma,Testing,marked_augmented_no_parent_mapping,,b766883f4832a428fb54c0d1a9473bf5aaa32fb9610d7c9491c849685af071c5,b83e68fda01ebc20d1ea6e084ea2f680d1cd9dc3f7b5232eb9404740b2207058,
Testing/meningioma/Te-aug-me_25.jpg,meningioma,Testing,marked_augmented_no_parent_mapping,,c5d47cc5e47f19c36625167b84ce6a1efb3a6230edec7348be14f3ae0cc47412,deb43d17886a7e4dcbf4136a16e9ae7476c66eb6d9c94e16f6311066bf163e79,
Testing/meningioma/Te-aug-me_26.jpg,meningioma,Testing,marked_augmented_no_parent_mapping,,1d25e50395cd4b9ca1039a90abe4f1f342d7c3d715c7d14b77d30ed931057683,c18b33645bacb837678eb8eb561958f516a6ca5c97f26c6e0a1d0f4a0d6a4b8e,
Testing/meningioma/Te-aug-me_27.jpg,meningioma,Testing,marked_augmented_no_parent_mapping,,46b3d12854f645613496378e8df81aed5b97b0e667029d0212e70bd451e8e531,06c39c708634750753f74cdb9990744f7179322e6c0efcb585f2477a276c45f8,
Testing/meningioma/Te-aug-me_28.jpg,meningioma,Testing,marked_augmented_no_parent_mapping,,7a19f1b05d9a3970a5390dd74ce74e22788b8ef9d8ec9254a9cbbed9affcc902,a4ab24abf1a6886a0ea940e56d53ad30126f5d6b7c13618b9a0a63cd9f19fbc8,
Testing/meningioma/Te-aug-me_29.jpg,meningioma,Testing,marked_augmented_no_parent_mapping,,61fe2f26d852e706e9b50c85681a15a15fe188f6ca64ad65231a35e85a29a535,f5cbe73c12234105551daa0f70401208d13a429700383d1a467b578996f49482,
Testing/meningioma/Te-aug-me_3.jpg,meningioma,Testing,marked_augmented_no_parent_mapping,,d18fd68225036788c1ca0d579fbd6fe5af06242bb66519ae3087d88febdd5659,44576f5c1e62ef28c5bd3b68ef7a8ffa2e91d3978b80bb527a384d9176dbef9d,
Testing/meningioma/Te-aug-me_30.jpg,meningioma,Testing,marked_augmented_no_parent_mapping,,1db4e043ec80d0a50450cf987ee17dd2c3baf24c3320faf24c82d21ed9ae5cf9,3973cbfe8b73a8c0156cde0122f28f8f9b9791aaf8427e885fcec57cf9b8124a,
Testing/meningioma/Te-aug-me_31.jpg,meningioma,Testing,marked_augmented_no_parent_mapping,,a34179724980010ad88724da6bad536a1c917fb75f166c5c44c32d2635b85fbe,827b9053fef0a2a45becb4b180ed56464830b21d38f434a10b1fc964ec695d26,
Testing/meningioma/Te-aug-me_32.jpg,meningioma,Testing,marked_augmented_no_parent_mapping,,d8592922386cc7eee0080197ab5897ae9a632272ed4a3e23f9e1cb8016b367fa,b57093184aa84ef65a1926b14ed4ce036a6c7a384488cb08d733347959cfc6a8,
Testing/meningioma/Te-aug-me_33.jpg,meningioma,Testing,marked_augmented_no_parent_mapping,,1c1daf09a0dbf5b937ea70018bb2b75d9672ebb41fa8dce16699e1b897a59fc7,71f44928bc377a6c37f4961b4166cc071fdd2bd36a2d64ea1baf2fa57fde2d66,
Testing/meningioma/Te-aug-me_34.jpg,meningioma,Testing,marked_augmented_no_parent_mapping,,5c365ac5f5213cb64db8770f219c10776134981e4792afe466cc87c762e3e55c,6ed9bb1476d8d1cbe014afd288dff61216bdada2a38cf7a1b8285fadcf58d9ce,
Testing/meningioma/Te-aug-me_35.jpg,meningioma,Testing,marked_augmented_no_parent_mapping,,37f02017709d8caa4f29c290424a252a780a36358fa4947141862e078ddda8b3,cc9418ef96380481a2ebe24e07f23f3e79ca4523a500927edac8f75d0f895540,
Testing/meningioma/Te-aug-me_36.jpg,meningioma,Testing,marked_augmented_no_parent_mapping,,358f76bf98e73a7923ef4f7bcc6358c03f7a45da574cfec6732599b5ed0235dc,4cd8405382db65b39c7eee40deb3145d2fed3532cfb168089f4f4c2dd7c3fd9e,
Testing/meningioma/Te-aug-me_37.jpg,meningioma,Testing,marked_augmented_no_parent_mapping,,028078b5676735d87c1cfaa0767dce89841d1a0b4aa79a19a9bb25b13a5a90b2,da6719b33a727f2f77d8e7501f0db3a842cf5e26459c1d2080562ce18a575221,
Testing/meningioma/Te-aug-me_38.jpg,meningioma,Testing,marked_augmented_no_parent_mapping,,212a09b46cebc025890a5dbcbb10abcd404a36c9080dbac7468c0ec29e566426,a1807b2d27727951d4dcd53d305ee1520671f82dfd291245a09ae7166f947791,
Testing/meningioma/Te-aug-me_39.jpg,meningioma,Testing,marked_augmented_no_parent_mapping,,a2af2df3416a134a6659416dc22273f09e3a6dd23543a187da2097d502d51def,2048e9d12db8fca14b165acbac702dbadac9a055f5875c03a28a947d25e5ae09,
Testing/meningioma/Te-aug-me_4.jpg,meningioma,Testing,marked_augmented_no_parent_mapping,,34fccd5b29787d40ef027f1527f2c457b17b273ea2098f664b89e1ebb3e5ec88,24dbf87059ebdc16a404e7e6e18b07c04bac2efd9abfb160ceca867283bbe87a,
Testing/meningioma/Te-aug-me_40.jpg,meningioma,Testing,marked_augmented_no_parent_mapping,,4d647fdf6242576a73cc33e8e031945c808e61708dc1c1e7581e8f61fca46108,8c7b3cf5da61e3a0b4281feeeaeb92fd8f38e9be41f7858f789d55b8fe0324a5,
Testing/meningioma/Te-aug-me_41.jpg,meningioma,Testing,marked_augmented_no_parent_mapping,,23ee7778dcb4b34604e99f37157b58f25fc4ceaa2c99fc19af2bf360ef5a9bcc,64d8f5a9c97741433f993e93ab9e9b2f6bcbb5f13428f59c068c6486e425c4da,
Testing/meningioma/Te-aug-me_42.jpg,meningioma,Testing,marked_augmented_no_parent_mapping,,001dc464513126e112dfc62417b4aadc2bc1dac869764352a3ac880a3875c58d,8c4d56053710230974da23ab17bf97ae9f8cdf339e6eb67e5fab82b7af7eb17b,
Testing/meningioma/Te-aug-me_43.jpg,meningioma,Testing,marked_augmented_no_parent_mapping,,bd233e8d3d1b9f8f5973f5ea5ddf16ee8cea504473087489fb6127dcc91f4801,78a0974ecbd85c9f26738c8aa741acfe0ba0a97f7a19532c3bc0a0e9ea91779a,
Testing/meningioma/Te-aug-me_44.jpg,meningioma,Testing,marked_augmented_no_parent_mapping,,68184c494f15511ea52dfe0d9f6bde09c7e0cbadd605b50b673f1ae705a9194e,85a706dc6f9a9158208dc19f1e14f6d233e229deb844967d0cb9f37c0b7ba1ae,
Testing/meningioma/Te-aug-me_45.jpg,meningioma,Testing,marked_augmented_no_parent_mapping,,cd449722d02d8e4deaaa0965337b7e85d01f83c4e99b92627e5b136e86db1115,9fd8943d5fbf4c53bb5c085474fbb833c9a42b93425683449171cec6ad1aa530,
Testing/meningioma/Te-aug-me_46.jpg,meningioma,Testing,marked_augmented_no_parent_mapping,,13a95819dc4bbb28501e9a56c2595dc3d545359cb991adbfeb33111cb5c16bc2,20212ed87f53d255066f414200a227794bdb3573fc800e216bada235a1777187,
Testing/meningioma/Te-aug-me_47.jpg,meningioma,Testing,marked_augmented_no_parent_mapping,,cbd0992085bed5e0eccd05df7dc40036ba3826421c9f85fd2298c05855b6f2c0,28ff84e29f6c535e6e66337a65322435a4e3aa53113a44a7a4ca54c636b8d948,
Testing/meningioma/Te-aug-me_48.jpg,meningioma,Testing,marked_augmented_no_parent_mapping,,2bcb4e6b8912f1513bde43cbeb14cfecef0cb044957cf1fae205dd6481384ba8,11eaac136b4c761fdfa10b20abbbc9921eb2bb80470ada66489b26e65488083c,
Testing/meningioma/Te-aug-me_49.jpg,meningioma,Testing,marked_augmented_no_parent_mapping,,f992ba2a5a4d99f7c4d769c53a62e78fefd85050459ad213559b91bc08c61ec6,99721e14c287b7896da8a2aa175ca5c562f5ad026e47f3712731d3d32852ad14,
Testing/meningioma/Te-aug-me_5.jpg,meningioma,Testing,marked_augmented_no_parent_mapping,,e80ac7785ec816cdd94c7b85bbe53b5fc6cec17ce5e1eff380ecc5535d0a4178,b7546f315dae476747ecfbaf149bb7ce81df85607b776eab8f51004de08c5cb9,
Testing/meningioma/Te-aug-me_50.jpg,meningioma,Testing,marked_augmented_no_parent_mapping,,50486885c6f91cb15e490d1fcd0777cd6f0a7e8c6774f7ae456ef9469721ef7a,b4c94c69528cb8b27038d1ad2de78dabe2486af714f714364b982c6415d23b8b,
Testing/meningioma/Te-aug-me_51.jpg,meningioma,Testing,marked_augmented_no_parent_mapping,,bb370d5932c0154e0f3889f27d9809eff076f9e8acd8f9fced0385583869fd91,ca8914c72f950c8087725e0ba916b5f44ea215fad306057ada581b8318cef80c,
Testing/meningioma/Te-aug-me_52.jpg,meningioma,Testing,marked_augmented_no_parent_mapping,,df64ac44e05d2e0bdc797196ea3c535606142b334c8f2398bb0b47480c88c5a8,7c0657f8d562970b16b8cbcfcdf173fd03f96a6c6630fda67ab63b4a86a61aab,
Testing/meningioma/Te-aug-me_53.jpg,meningioma,Testing,marked_augmented_no_parent_mapping,,8e10bc0c3be5983045fa623eeb4cd9b391eaf39dde181816177b41a6841c607b,1502f7660737136f59d2aeecb4c5af7970cbb474abe65721651c946c094a27bb,
Testing/meningioma/Te-aug-me_54.jpg,meningioma,Testing,marked_augmented_no_parent_mapping,,ed48ae6911b56dae3fbcb07670bfcbb4d66053bae2a9db580f084460a1782411,d6882f0320734596d4098cdacf09646d57a10883bb7dac37491a321e5c142f5c,
Testing/meningioma/Te-aug-me_55.jpg,meningioma,Testing,marked_augmented_no_parent_mapping,,f787d266ce5f0e59f7c68184047ac141e862e3b0486cb3af3d0665135b03d422,992df59d4acbd2ba8381a1fc6e935fd31f33904498ec3e8eb29eecbac4e7bc4f,
Testing/meningioma/Te-aug-me_56.jpg,meningioma,Testing,marked_augmented_no_parent_mapping,,f0856bfa9d611e17ed9cab94a6f314ad1c5cc280df82df302cbcc70e23632c5c,f8de58103d7b67cf6a447c4b9dbd5ffd9cbb525d386534ec7470c530ccec2681,
Testing/meningioma/Te-aug-me_57.jpg,meningioma,Testing,marked_augmented_no_parent_mapping,,9f40f7a4bb386a847b922308fa24ed325b5d5f5e1395ae8d93541837b99f8160,2bf9bfde4750da2d1d24980e09186376019b40062f00b5e6b2fc75067fbe7927,
Testing/meningioma/Te-aug-me_58.jpg,meningioma,Testing,marked_augmented_no_parent_mapping,,d7e23cf6212f9bf8dd7d12b640d50841ac1aa8f656e20ed515a7e7f3847fe02d,8df8794dd02e0262fe55fbe85db88764129ea1d666ebfa2f65ae031dd33c2503,
Testing/meningioma/Te-aug-me_59.jpg,meningioma,Testing,marked_augmented_no_parent_mapping,,3aae945e9baaea413b27f9b26f9c091343cfc8ea526cd2a99c25e45767b28854,8e0015b7d9e74a53c2f25d3b495ce3cbaed412c88991c868f96fb50c04eef2ef,
Testing/meningioma/Te-aug-me_6.jpg,meningioma,Testing,marked_augmented_no_parent_mapping,,671f9a1dc502cad76d673f8cef8be068771e191c28d2881c78df959144ef4364,3f30f9667cface625f0d16c9a293b896d694b48ae158d16235f5a3ed4a4d5a09,
Testing/meningioma/Te-aug-me_60.jpg,meningioma,Testing,marked_augmented_no_parent_mapping,,0b7665f24b1d3744429f17db15f866a5fe5ec07fec30ab496d28fe599c21dfc2,5f93841958463def6d1e7aeac982d955f24193ec67d8c3582e07878e51063c30,
Testing/meningioma/Te-aug-me_61.jpg,meningioma,Testing,marked_augmented_no_parent_mapping,,bafb24418ee1b0ab4144dcb37222bb9269970b6c66f1df241f97c4de63c7d1b8,37300456b3268f6d9539760a656253f82beec8b499d2fa7fd9381791c5cab232,
Testing/meningioma/Te-aug-me_62.jpg,meningioma,Testing,marked_augmented_no_parent_mapping,,2534361844e089963ed95cf50018fb322b10ecc32a67b6bf85ec23a29cdf9104,0b4c4ef76ca3cda932a13be12435b0cbc501fee98a415b97066c6c1b356bd8a4,
Testing/meningioma/Te-aug-me_63.jpg,meningioma,Testing,marked_augmented_no_parent_mapping,,46efdd53960c4f4d37694599e0fae5125f448e0548e57f3ee93d66c54d78bdd4,ef677d82cd7871878b97b2a729cdf5f037a063e1318b2585408f9f9e5c5d0fb4,
Testing/meningioma/Te-aug-me_64.jpg,meningioma,Testing,marked_augmented_no_parent_mapping,,aa85391048254b973546d38437e406cd3df3af3471cac2a31c49ab92c20a14f0,8f402dca430c76786404773802472ca45bf9250e2fd385d01aa80b1cf4d3674a,
Testing/meningioma/Te-aug-me_65.jpg,meningioma,Testing,marked_augmented_no_parent_mapping,,087d8a8da82064e119684b4aef2d90b9aab02d3746c02b55ff756a6a192ba70a,747eb90bddd91d52e9da347fb7db70fa4748148846ffabe67e148f6a1a75201f,
Testing/meningioma/Te-aug-me_66.jpg,meningioma,Testing,marked_augmented_no_parent_mapping,,b409c52e25695d68240d11244cab0d7a6841827626fdf2fc30176da4b6908282,f0dfb8245d33e66ab5e7c8de369ad010b24bf23f4fa14908335ff75e9a7b5dae,
Testing/meningioma/Te-aug-me_67.jpg,meningioma,Testing,marked_augmented_no_parent_mapping,,83fc0e469851eaf9ac54451f7433c67bd7af72910d659e9deccbcd87a39d96fe,6286f8a3471f61e8727d89b99fe4cacf64a6b47ebe9cfdb00710a75811122243,
Testing/meningioma/Te-aug-me_68.jpg,meningioma,Testing,marked_augmented_no_parent_mapping,,c66d7e736fbfda9a0b44527d466fc8d127294ed9699df46c8977251df371d4bc,271e14c17d26e8669c0949836d62b1fca44f8dc90c6a8c3f5709ab6b537f2894,
Testing/meningioma/Te-aug-me_69.jpg,meningioma,Testing,marked_augmented_no_parent_mapping,,4b27e614433bb752cc585e1123793967e8c9c2f17b32367fac0388b4c987c1d3,8f6af34ce17996ec27b0bd7c66b32df4df664a15fb2e7618dcf1d5a7b4d65137,
Testing/meningioma/Te-aug-me_7.jpg,meningioma,Testing,marked_augmented_no_parent_mapping,,5cc599d240c887430115be897b8c56e8c3414a45c5c1d4b87eacbdbf74bfe4ea,d5fa0d16b04b594156b7635494fa129ea95ca11608c122a81d5c86ac61a94ffa,
Testing/meningioma/Te-aug-me_70.jpg,meningioma,Testing,marked_augmented_no_parent_mapping,,116d82e64050494a151d60e9c77e393ed64bc5ac9d4e259dee6db4590697ecd1,79638fe1dee11e2d50c928092d939f2b8a6f16478efc53d64114551bad8b0438,
Testing/meningioma/Te-aug-me_71.jpg,meningioma,Testing,marked_augmented_no_parent_mapping,,911be68322bdb02c311bd69ae585ad06b540cce2061a89610f924208f812dea9,7a4068ac828016f63ecac0861318653dfd684493923f7a379084156ef562cb4e,
Testing/meningioma/Te-aug-me_72.jpg,meningioma,Testing,marked_augmented_no_parent_mapping,,9876d54fe742e4b05b5c73e67d1cef118ddb4b9c34e0b9d9764338241d2d3174,0cd234993e5c1458950263bcc7c3c610869a25652198749b1a643e2822e9e986,
Testing/meningioma/Te-aug-me_73.jpg,meningioma,Testing,marked_augmented_no_parent_mapping,,ce23ac0fb3e2ed20ba5eaf23075ecb91eafaf5956d9c037bcdc3f514b51627c8,cf75a1c90687dd28940838158eb344a304795df772b844f6395d4a20ac15b228,
Testing/meningioma/Te-aug-me_74.jpg,meningioma,Testing,marked_augmented_no_parent_mapping,,f3580fca487c8943b440ed7e2e23eb87bda76b2aab89698739479bfdff1ca703,a7c02ca9b61ad5275cd227f5d10756371803301a9b2f90e85184059638809a74,
Testing/meningioma/Te-aug-me_75.jpg,meningioma,Testing,marked_augmented_no_parent_mapping,,cdb5ae7f4614402d3db2fec2b04abfab0a8a8bc5e1613f8e345d07e4324ff59b,61f3c2e6f1a8b2539dd10d5972d9c2b44715d5a2461fae230c2bae5b29064319,
Testing/meningioma/Te-aug-me_76.jpg,meningioma,Testing,marked_augmented_no_parent_mapping,,31e53866284f80e087bc5f5fe282a9393be49514e2eac1fc42846e987f213b17,398537a9ef8ee41c319ae02ad1ed8db639a00305719d1b5e65f85525aeb407dc,
Testing/meningioma/Te-aug-me_77.jpg,meningioma,Testing,marked_augmented_no_parent_mapping,,9177faf6b56471e3c94dbd939523b787a22e48fd7fdaef5fc6e27c353f4724f9,88ed0043e5c522b830d532a7bcfee4f47487cfd3bab2225dad232e1933f1a752,
Testing/meningioma/Te-aug-me_78.jpg,meningioma,Testing,marked_augmented_no_parent_mapping,,0696f1968b3c49a56bf359140b88adc3f8902237db8d9b4ac4cf123295239779,a33469773b6e3eae6a9383cec4a7952fe75eab93b35c33908944364b3fca5428,
Testing/meningioma/Te-aug-me_79.jpg,meningioma,Testing,marked_augmented_no_parent_mapping,,570248a1e2567358fd76253e2d1b75052012c4023cf43b5904df1355093e07aa,00104901677533676e13ec548397d79454105c97c65561c26057f13c9f183cf1,
Testing/meningioma/Te-aug-me_8.jpg,meningioma,Testing,marked_augmented_no_parent_mapping,,0fe64f57b8cc5c8e9aa9dfdeb8a0ca1cf1d6ec3bdb3f8c298c852288dbae9313,3d06a61f07857d68202918934d470479176c0916940bec442341c91ec1096a53,
Testing/meningioma/Te-aug-me_80.jpg,meningioma,Testing,marked_augmented_no_parent_mapping,,5bfe4701abefa5f2df5e4192c709b7ac80ccfe630c847bb23b41f13ba689faa0,5af3571110a8dd975e027f9ae5be8f92d87a1143d96c6cc778984680048bcac2,
Testing/meningioma/Te-aug-me_81.jpg,meningioma,Testing,marked_augmented_no_parent_mapping,,b0251b7a06ddf9fca0e592d2e0cc3cae2ce56efd84fe4878ab24b9f85d37267a,96e59ca84aacccf0c5df8d5382297c826fb67065f13419029e5f428c165004ea,
Testing/meningioma/Te-aug-me_82.jpg,meningioma,Testing,marked_augmented_no_parent_mapping,,be7e0ecae92bb29e25fde33bc9b1305daae57bd808b88040686ed0239afb0d85,bba59dbe996be9587bfcadc3bdabe5928404c41683e746960cae6b9552a5076b,
Testing/meningioma/Te-aug-me_83.jpg,meningioma,Testing,marked_augmented_no_parent_mapping,,47579f26df36e2f2a4437b6f09f4ea7432a18c17572096c37dccd0aa2b882d4f,a383b2db94f078187ded6ba5af6b05403df26921f8b679acc3e69616902731d7,
Testing/meningioma/Te-aug-me_84.jpg,meningioma,Testing,marked_augmented_no_parent_mapping,,97cdc7b2263117cd739308e7cf0e44eb3b49d9c20e05e70f8e6a54b884615521,cda5fcd1cda8ba5c40bc2ba35b2fd0b86ce5367970f1f770399c5a231a51c4a4,
Testing/meningioma/Te-aug-me_85.jpg,meningioma,Testing,marked_augmented_no_parent_mapping,,a8be16e3290ee90ebda059c103e2cbed767e3a42a73bee5fd5ba96fadb403143,55bec72a6fb4331d174b92902a1e1e3796417db91db66039f2b2d7e39c290f51,
Testing/meningioma/Te-aug-me_86.jpg,meningioma,Testing,marked_augmented_no_parent_mapping,,1791aab487b999852df45c13c211ca8184359beb3e7e60085ddc52476a15b675,b5b21d8ace9a5ceff64c0a431d487e4e8f642028661eac88f5e37d9a9cc0c48b,
Testing/meningioma/Te-aug-me_87.jpg,meningioma,Testing,marked_augmented_no_parent_mapping,,8091f0242937e2ee9c62209ee6107293ced6d5beeee45a72eb27dc6d4d9d1664,8c074b69bdb4b42a47ea289e2551f9cc08faff27af9a6cd7d73e9b07720ccfa3,
Testing/meningioma/Te-aug-me_88.jpg,meningioma,Testing,marked_augmented_no_parent_mapping,,18c84182c0452289fccfd8f27cac45cf256e90d7c121d377c4255533bd7e7b21,f9adc110f9a97baddf35dc56d06b3d6de2de01f9b5a4d0fb69dc7e29a8c739c3,
Testing/meningioma/Te-aug-me_89.jpg,meningioma,Testing,marked_augmented_no_parent_mapping,,9dbc4ef4d2f074de6366f0031d27da36ed55e5945dbd3af46ab9d018f5d97069,cf9fdfcb1c679e3aa4c7a98585b086d693460611bf1b22d4e753c8aa116a1978,
Testing/meningioma/Te-aug-me_9.jpg,meningioma,Testing,marked_augmented_no_parent_mapping,,9791d9181fb18bff021ba64c72c788ac9d29c9f7eb5d477e50ff6822650ae8e8,d0982dc5338e5dc138aa94f1dd0415410d66ff67a601ad956c24e2e46d5bbce9,
Testing/meningioma/Te-aug-me_90.jpg,meningioma,Testing,marked_augmented_no_parent_mapping,,81e294df780dcba40242224539d24fba306d44ce1d945541df61cd6edf8f3546,161caa04b8b51f98d4a3ddd92adfb5cec84b59bdb7dbab6ff3187cd1a98b5da3,
Testing/meningioma/Te-aug-me_91.jpg,meningioma,Testing,marked_augmented_no_parent_mapping,,1a437246122c0734aab8ae197bbac7a7c413e26dbaf8937a8672541b431b1808,8d39c6813b9f1fdf39ca62bf2eb8884f6ff16773e2967d13fc9fe0d75c20b00d,
Testing/meningioma/Te-aug-me_92.jpg,meningioma,Testing,marked_augmented_no_parent_mapping,,cb6e62759c58a6890a70ce2f883b6beca227762137bf3edaa2b897fa9d017b6d,074187e1b25c01206803883d279576da42183e52dc14ebeac00025d4266586e9,
Testing/meningioma/Te-aug-me_93.jpg,meningioma,Testing,marked_augmented_no_parent_mapping,,3b48b20e7bdf4b6932c47fed6d92563395fef8e1dbf34bdad00ddc09e6b78440,010964cea46e3a91bba4f23e1011c0806b674d6d425606fd77743bb01f6b561f,
Testing/meningioma/Te-aug-me_94.jpg,meningioma,Testing,marked_augmented_no_parent_mapping,,3530e9bc2542f4d4426043543e0af8d7f25ca4c087aa247399f65ca8a410f2a5,be1fffcce368584d1ecb13f4093a30bd333e1583aabbcaef00cf4c53c889ef31,
Testing/meningioma/Te-aug-me_95.jpg,meningioma,Testing,marked_augmented_no_parent_mapping,,7e839fffc6b7402cb20a910e335fe08c81f25fb0f819face41582591e8ea04a0,4e22bb8f92a3344bfe7975a490b08e702880012c624286b253e4acf603768fe2,
Testing/meningioma/Te-aug-me_96.jpg,meningioma,Testing,marked_augmented_no_parent_mapping,,3086869a02d5ada365c111cda40cb8de0191fa209b72a9f56804c15d56c45aa9,cbd7f1af4e5a5d0e0ba57a1906b8768dade16600a23c37f12db330b707256bea,
Testing/meningioma/Te-aug-me_97.jpg,meningioma,Testing,marked_augmented_no_parent_mapping,,8e72e307f764338c460dc204c5266c424b265b367a86e26682798373e152b88d,11a413f30820c10276000af2752c2f31a3a2829ed3985fbca9504fa2c55b4d5c,
Testing/meningioma/Te-aug-me_98.jpg,meningioma,Testing,marked_augmented_no_parent_mapping,,8c6fe9225ed2f90e503cb70b2a0ce7e45a7402e424ee39ba49905361de9de77c,01100bf420d4d10e3dfeab9dbf4c4af8567df75f26924d40ee209073ee729d5c,
Testing/meningioma/Te-aug-me_99.jpg,meningioma,Testing,marked_augmented_no_parent_mapping,,686e3d8195a1ccb243316334478b310fde96a0517a32fddd04782e504efc960c,d01994405263257084d582a0124889d8a09434583b6cf12f6eb1b6e181730fe0,
Training/meningioma/Tr-aug-me_1.jpg,meningioma,Training,marked_augmented_no_parent_mapping,,e3f9ed802e33f06f97d6372201b8d7549ebfe8b24ec1c9fac184d6db2eb71880,94abac121043bd0eec68402544dbc7054da393d45ebff86670c92683dee5738f,
Training/meningioma/Tr-aug-me_10.jpg,meningioma,Training,marked_augmented_no_parent_mapping,,7c76187c5483f47479d962553ad0e41e7411fb949752aa1ee23003d38c9fa2ef,8c143897bcc26ebe15d0af152f56449b2c201fba08bde666d8ba81ce42242662,
Training/meningioma/Tr-aug-me_100.jpg,meningioma,Training,marked_augmented_no_parent_mapping,,bae057adae86b07a451d1dda48ad4d5cc2f3df8231046a56e83a4bc3fbe143ee,56882951b6140600fa5a1520784a4bcb44f9bafbdf53155f243b418ba7f86848,
Training/meningioma/Tr-aug-me_11.jpg,meningioma,Training,marked_augmented_no_parent_mapping,,b1737294310774d3ff185e6f5ac909856792beb80406e250c6257ea18ebb2bb4,58cd6c13e0982dc10b1c6d581cde89631f985e0c9a0796a8708e4c911a0a3f54,
Training/meningioma/Tr-aug-me_12.jpg,meningioma,Training,marked_augmented_no_parent_mapping,,0615336a3a790d004a69464533500c3f751ae1896227fc94050ae92055e123e7,02d80f4cf25897edabe74c04c78f39baefc738543a6b0f3781969423a291a555,
Training/meningioma/Tr-aug-me_13.jpg,meningioma,Training,marked_augmented_no_parent_mapping,,be311e134c1ecb5a2b1c54a637be3fdc1f9478c86cf0ff81994af636d501e3be,04b810624e8e4bdde1a43ee1fb54bf2bca831383c3f84f3c0eeec98447aa5021,
Training/meningioma/Tr-aug-me_14.jpg,meningioma,Training,marked_augmented_no_parent_mapping,,428de1d6127d05e900bba8e224c889cadce08ce1d7855cf90d0443a5bc30e458,66e3f7c6cfaacde6ebc78bf8fc0b5bcf9e34a3ac2e5d9b0a529150a75673dd8d,
Training/meningioma/Tr-aug-me_15.jpg,meningioma,Training,marked_augmented_no_parent_mapping,,b374b2eaaa26536ef3f286950fe83ac53283437477bdb2d0c6127e23f408b440,db1c5fe001e3e50f4d0821681fbe78b6f8601ba916a0bcf2088ce740685f759c,
Training/meningioma/Tr-aug-me_16.jpg,meningioma,Training,marked_augmented_no_parent_mapping,,3ca50538c2f1e669a4898e99fe4699b8e9884671689ff469b305beeab51a1661,48c855c2fc5c9b7d6db7d7e2dac4c7fa6ae0664ecd60a02e3a8f7478b76257d4,
Training/meningioma/Tr-aug-me_17.jpg,meningioma,Training,marked_augmented_no_parent_mapping,,a1859abd8bde50367403f5ec4f3fdb21e6f7bdf69d9b9dc19582d35c07910251,2432ae77fa1d64aaed3ced8c369093296584c025cf3fd5f980b74b4eaad4a3a3,
Training/meningioma/Tr-aug-me_18.jpg,meningioma,Training,marked_augmented_no_parent_mapping,,640ec5310f19c9a43f0eaeb5967c76b657dde7341bfef749836f0878d2fc6d9d,b682a9c7789d458e8ac4125c98e8e6d5efe03a1339632deea7c4d48df7397e12,
Training/meningioma/Tr-aug-me_19.jpg,meningioma,Training,marked_augmented_no_parent_mapping,,677f4096ad508cb37e84352be17f1e50637d14de7f6991029d7ece42b6ee9eb9,6be41217fcb57cad6671a5d5e0bc0d5a8d9374a566b55a20dd39b772385668c7,
Training/meningioma/Tr-aug-me_2.jpg,meningioma,Training,marked_augmented_no_parent_mapping,,a902146245b78be12e1ea3756c9fed28bb76868e64a735331cbf2050ba67fa62,2a388a2b36ca645131e4659e58c3cdd9a1de74285df51387d027ec92aac3a3f9,
Training/meningioma/Tr-aug-me_20.jpg,meningioma,Training,marked_augmented_no_parent_mapping,,51eaab66e0daca0e5e1734d2898e47623fb43a9a5cd200667b506e5c19820745,40427b1556c420084541008100529ea12ec3fb3e42491e517a30b37fc70f29ac,
Training/meningioma/Tr-aug-me_21.jpg,meningioma,Training,marked_augmented_no_parent_mapping,,bbc4a70b78085a0bdc003bdb33312c0f204671b2ef39711e90bf0cf81376caef,4e51db0555933170671622df2664e78612e7ca4a8569d0cb9474e0b46056388a,
Training/meningioma/Tr-aug-me_22.jpg,meningioma,Training,marked_augmented_no_parent_mapping,,00c8c3d53ff580796f5f765216735b7fb18da88eaacf5957b20c6ea1a6e33981,115a8dd6be1ec49521600cc9d6498ed38151fac80e0541d3d8fa95cabdda3b2b,
Training/meningioma/Tr-aug-me_23.jpg,meningioma,Training,marked_augmented_no_parent_mapping,,a8a34c2891545dba6ee909c7544a1913b595905f80390e441311f1e1e0957530,f048242593dbfed51ecd70a212706d1301311e0b9c30936a008ce6ceb6674676,
Training/meningioma/Tr-aug-me_24.jpg,meningioma,Training,marked_augmented_no_parent_mapping,,a507cd4b83f9e9bfaeaf2fd52ec78be0ea7555ef9425aaddb72c51cfe5fda35d,d64c22e46ba7f3d45d8f393aa240f410f754f5f461d2434a46a3fa38a0f0aaf4,
Training/meningioma/Tr-aug-me_25.jpg,meningioma,Training,marked_augmented_no_parent_mapping,,33a007635d12454623593e931ab4a71d875c7f815f718042336658d8c7f6c58e,0423306ac6268627351a4d7d877da1151f3f4e0fd086e09f523c1800aa0ffc37,
Training/meningioma/Tr-aug-me_26.jpg,meningioma,Training,marked_augmented_no_parent_mapping,,77dcdc83af80b8b1a9114e42a06e69c4e797c35ca57dbc7e92fb8ab20adee9b0,125696d85bc7a20a8fac98178ce1f0cd1674f663047d52b65e2f80ec6b29d302,
Training/meningioma/Tr-aug-me_27.jpg,meningioma,Training,marked_augmented_no_parent_mapping,,bf869906a484c9d578d1e85b4b7e5de35d0c0e0c76ee04f2264d8664d2d9fd8a,0e55890b137cf8d5f07f82ad74dadea76eb7bbc198ae1c2809503e43e71fcd7c,
Training/meningioma/Tr-aug-me_28.jpg,meningioma,Training,marked_augmented_no_parent_mapping,,97f6d535a7a8bcc7d12e408745fcedce38b33e9d8ef05539d020d6b0ead67273,8049ad5d88e608a101a5572e8eabac3a97ffcddf12d21c687e14e5e6768cda53,
Training/meningioma/Tr-aug-me_29.jpg,meningioma,Training,marked_augmented_no_parent_mapping,,3a7905745a9e1e3749f10d3743c19cad39dd25f732c2216267edf23e28ed4a42,5146c04af67d0a62cc5203834661878375cae9d6b4ed73be1774a4408bdc6a97,
Training/meningioma/Tr-aug-me_3.jpg,meningioma,Training,marked_augmented_no_parent_mapping,,3eb113302e8d7aa67d726c0017e18f7df371dd32fd291f6e4bc467a32648b34d,6035aa11f5d01883a60eb0bb856d95c8849e816bb6c6949577b490669388b16e,
Training/meningioma/Tr-aug-me_30.jpg,meningioma,Training,marked_augmented_no_parent_mapping,,1cc78b4114c125d8133150cbb52aa59b28dda8aac45cf93acdfdc05a9d1f4c36,a6e5e20a497198ccf07c126e127206e849109b665ea58a5f9ee7608534d2b125,
Training/meningioma/Tr-aug-me_31.jpg,meningioma,Training,marked_augmented_no_parent_mapping,,e008e1912d671fad97f0771a5bd1e0aa57fe4fbbbae07100a1f1f0d9ece5d523,1097d18a73a8e9f37a4d0498fac364fb3dcabcec290d0af8ebf7d984965a07cd,
Training/meningioma/Tr-aug-me_32.jpg,meningioma,Training,marked_augmented_no_parent_mapping,,3c7a6c308708821f348121cf3ee9c4cf447a3afca4138dd3ade473ea0bde8edb,2b30915c2e43309f3ee35f0bd1bc55b1a948132656f7d9302bab4ef758394d2b,
Training/meningioma/Tr-aug-me_33.jpg,meningioma,Training,marked_augmented_no_parent_mapping,,632dd2f8bee9a7ed5e977bac76d6bc884c1d77b0ed53da279455777b25286be5,3ee43adc59b8ea5d6323bc449fc226939fdb0a4fafa9fe9ec4589b38e97e2dcd,
Training/meningioma/Tr-aug-me_34.jpg,meningioma,Training,marked_augmented_no_parent_mapping,,c292dda3c100f43386e6100a59bcf440d61a6ba566cfba5eb814e66050475283,0b8ce9c1d9d647e4456405020e78c92b36a61b2c774d16b145d0e8a0ec15082d,
Training/meningioma/Tr-aug-me_35.jpg,meningioma,Training,marked_augmented_no_parent_mapping,,0adaa884f948a8e65a33f7e59784990293e1620d6ddb788a9897b6a6b543498d,ee2ec4f35b05e3d0e7fd2b573dfee8f6f54758d5fcca3328df62fa86ac3e7879,
Training/meningioma/Tr-aug-me_36.jpg,meningioma,Training,marked_augmented_no_parent_mapping,,460f6d00369b16c1efb7ea1ec0c9d0ddb54e19fea8a01bef3e3ba8a502fccf9d,dfe0d379445e6c99183cffb2cc162bbbad8add4d677e7c49311fdddb8dc62c53,
Training/meningioma/Tr-aug-me_37.jpg,meningioma,Training,marked_augmented_no_parent_mapping,,b2992e6b4332d95a1259f81763d990860f0c6d73e1ddcdd0195ec6c25e6d5a06,ba24d3beb6b3e3d52b8aafd4a9eaf22ad40eadc98779209edae13b08e096351e,
Training/meningioma/Tr-aug-me_38.jpg,meningioma,Training,marked_augmented_no_parent_mapping,,dd67b6cc1d49d341379d94f38c398e821116c2a50cbc2e66771dc0079620eaeb,f2008f285756e59b4008c26eac1ecc36859343f194afb128f24a1930180214f7,
Training/meningioma/Tr-aug-me_39.jpg,meningioma,Training,marked_augmented_no_parent_mapping,,26233e453ea02e7dc9f10bed16e48502ee9ff31c58e32e02105cc43543e0fa5f,b8b499af512fdd41a4bd44522cb714b55aed3bdddfdfc351efac3d2a57bb7897,
Training/meningioma/Tr-aug-me_4.jpg,meningioma,Training,marked_augmented_no_parent_mapping,,5664bb02302c9107d551c1cb31903ace78132446362493553414428f58928f3d,936c91a5bf9e9fe712cb9af8a2151d3876dd1c02906d4a62d7dd37ef5525798b,
Training/meningioma/Tr-aug-me_40.jpg,meningioma,Training,marked_augmented_no_parent_mapping,,0d4f1aebe171eafb3015b051a2356c265508385a3f4a3f2503d1626b0be791d5,056acb2540edba01d30a3143f65c27ec211a501317d8e2739375d1d777a05f2d,
Training/meningioma/Tr-aug-me_41.jpg,meningioma,Training,marked_augmented_no_parent_mapping,,90d447f04b72cc2f5ceceef03e463df292bf1651d1c38be5727921f678eec355,e5b57b7fd4aa18aaa15952c2f6350c405f451b02ff61e0278aca292a47d370d1,
Training/meningioma/Tr-aug-me_42.jpg,meningioma,Training,marked_augmented_no_parent_mapping,,8153d4fe740412b8ef01a30521ddd0c1ce4d982eed5e99ecaab05e989ae794fd,3825b94281177bde6ccad4221f3fdb964857162b2d8798f872593595c45bbb99,
Training/meningioma/Tr-aug-me_43.jpg,meningioma,Training,marked_augmented_no_parent_mapping,,bba0f61966100c4702d83731f0290ea22c80bfd28d356d4b4c3e87eee597354d,2de7b492ec0b8cd90d2f70cf6612de462fd1dc7c9b6f826f4837fd7930980291,
Training/meningioma/Tr-aug-me_44.jpg,meningioma,Training,marked_augmented_no_parent_mapping,,40246c7527e2a2c685ecd1d21b1c06d6f8ee9e986a9b96dff2dfbe26ccf46442,82374d510b13344c2e0647b5c779d483d9e64fd131aa89d9a4e5868706792778,
Training/meningioma/Tr-aug-me_45.jpg,meningioma,Training,marked_augmented_no_parent_mapping,,8278fcfb6f3de451852994816c9e808f4ea382dfa951cdac12fd638fe5ed5ebb,d72154794fcf9702076a5c55784352e1dd81e994a257e78fcdddbbdcd0410410,
Training/meningioma/Tr-aug-me_46.jpg,meningioma,Training,marked_augmented_no_parent_mapping,,da95a0203efab6b4a1f6e71cc8140bc62963343fb827cc956bf8e6834bb2211b,caba3e2fccb00e845b7ffd91ab8ccd48b64622b14f8873f553f3e133f1f6bacc,
Training/meningioma/Tr-aug-me_47.jpg,meningioma,Training,marked_augmented_no_parent_mapping,,0b2482a789d5b39a36d7790e0a600397415287f2e6d8050d4b58a29e5b84d5f4,4089815506580515c4e84fc3f5a57ee29271d1b61abf0d952d780ebf26c2584e,
Training/meningioma/Tr-aug-me_48.jpg,meningioma,Training,marked_augmented_no_parent_mapping,,1349e6fa48787081459a84d8ef53deff37cead2c544640a93eebbac190a07ceb,29c102874c389cd499b424e7cb14ee306ad776d6ddc25ae5471083edb5690088,
Training/meningioma/Tr-aug-me_49.jpg,meningioma,Training,marked_augmented_no_parent_mapping,,33f7eba584db48b243f1e983ceca28b4950e38f00a02c100b1fbd1ca790fabd3,abf7c6a35a3b0710d6b945b710d8aecb178aef7e887bcfa068cf0ff6b06470c6,
Training/meningioma/Tr-aug-me_5.jpg,meningioma,Training,marked_augmented_no_parent_mapping,,2a283e764f0f0f4baf8fb27042b0963604c84c6cc088100c26bb630c1c32c6c5,87926d098d1425e45c0f5dcf6722721c45c659518b403eaa80176801bdcacabf,
Training/meningioma/Tr-aug-me_50.jpg,meningioma,Training,marked_augmented_no_parent_mapping,,ba6a7293bc901c5e75b93805335289387aa0045dda0b5d8ec53312908b95e6ea,22168f986f0682dc68c848906e1e6859782cc7c8358536a19a581d70ed047f74,
Training/meningioma/Tr-aug-me_51.jpg,meningioma,Training,marked_augmented_no_parent_mapping,,74325e4603797474d6d0a201630ac230e8db17408ab83696f9e4e8422c0c4029,ed5354771f881b49a4606743c1f1bf318f011efe096487e6ae3735b05f8e7206,
Training/meningioma/Tr-aug-me_52.jpg,meningioma,Training,marked_augmented_no_parent_mapping,,b199420d92fec201701838ebf3550cf2741d56784e7b2e8541680283d21c4cb2,949aa2b95e4419c07eb4c2e82e571f1907597357049b9266d0d5fa11be27e284,
Training/meningioma/Tr-aug-me_53.jpg,meningioma,Training,marked_augmented_no_parent_mapping,,b8fd688db80f3b8686b45765fe6d97862cfdbe1f2ee7306af4b3e6247b7000f1,ab3231d6873160f28b9db9506c16bae4eab71c72ed113919d3c0b4c74e35b404,
Training/meningioma/Tr-aug-me_54.jpg,meningioma,Training,marked_augmented_no_parent_mapping,,0f5b870568ad6e965007644e39c953746e5d0b2e7d2b15ec723c4e3c5804e149,992718106549ff8e768b446ea8ef10ebad26ad11ede1336d38a10db8d5dbcd6b,
Training/meningioma/Tr-aug-me_55.jpg,meningioma,Training,marked_augmented_no_parent_mapping,,c111e81603947f8485e08cc77640ab97fdd18674bc81bee226c477406dbda78d,2dc1efb713fae9c9c2b41187dfeb29e74d773484174a8c25fdbbd21a08914b73,
Training/meningioma/Tr-aug-me_56.jpg,meningioma,Training,marked_augmented_no_parent_mapping,,1da9be7814f93669ef4a9613a7df5b40e6c55b27d8cda6875eaa7601821e12a5,f27e380e6942410d1eb434fcdbfb924377c46211a8473cd3ee7b6d32715e8730,
Training/meningioma/Tr-aug-me_57.jpg,meningioma,Training,marked_augmented_no_parent_mapping,,1b33488a761a5be2311c2eb8ea0061630b3e76719cb6baf2210b8fc41d6b7a65,bffa736d9b94e78bfc1133bc501b8af7ea32ace0031e10632597cd68d43ae936,
Training/meningioma/Tr-aug-me_58.jpg,meningioma,Training,marked_augmented_no_parent_mapping,,3fd1ea46215e5b695580fe9e4061e3370659fe5b257a318bed70b22c47bde8b6,c9dfc7d6e7e6e4929d8c7e1b007a16754965be172ee2af2d4b940febbab09dc3,
Training/meningioma/Tr-aug-me_59.jpg,meningioma,Training,marked_augmented_no_parent_mapping,,86035ce6835610a316297df3e04bfaa1bf65fd781e828a20470b6212157e790c,5ec85d6d12203a932e6a95de5628568fabbace4f6a257ffe15b0d4d7260c18b9,
Training/meningioma/Tr-aug-me_6.jpg,meningioma,Training,marked_augmented_no_parent_mapping,,5f5ca6ea647c67a5a4ff1f870729ab4edda7de0ff5e791768a4daa55600ff94a,f5b2015bf03b9cd9b0836967c421554a19df5919ab2519872f144f57c16a964b,
Training/meningioma/Tr-aug-me_60.jpg,meningioma,Training,marked_augmented_no_parent_mapping,,89eeef171d4086d3d31bb56225e56b32f5a3530387e06834bd1a6d72de9cb9ec,8bd668d9f0cbdf3b6796e25c7b4d44067bca3078d7afc2e207a339deaf4a93c5,
Training/meningioma/Tr-aug-me_61.jpg,meningioma,Training,marked_augmented_no_parent_mapping,,285d3ab2b866d89c534bf7d9ff011266d9fbbdbca23d1d7c8dda62a466e91bb2,b6a8fccb0c53129dd9270cf96ed0f0acc16d42c3212a23e1c2b22f0378a65920,
Training/meningioma/Tr-aug-me_62.jpg,meningioma,Training,marked_augmented_no_parent_mapping,,a50c46a5fb0ff4ec257f72d8afcc4536ad564a493a18f538309dc790dec298ff,1fd98c9e125e25384ad2e0ad7b19b630f674970b0e4f6d8933e8c621bd9f2dd4,
Training/meningioma/Tr-aug-me_63.jpg,meningioma,Training,marked_augmented_no_parent_mapping,,b6ba3203b90451bb08bf218e6b0ebf15c72131e1dfebbc0acb79b0a540db3951,c2f6e83db04bcf5cc7c2e1a04b24eeeaab6b6a4018be57f3f72e5a126176a8aa,
Training/meningioma/Tr-aug-me_64.jpg,meningioma,Training,marked_augmented_no_parent_mapping,,9f38fbb03025cb18612d338a12a77cc2e52b4d78f79b8e402c5a9690488c2ee9,38196c659cd9412e77c12c3408cd27c5fea89a325675f468d76eb459d5ec74db,
Training/meningioma/Tr-aug-me_65.jpg,meningioma,Training,marked_augmented_no_parent_mapping,,99a472ad4e769a62a4b98a6a614770b0f07a91d64b46d1aebd934c400c3a1f34,bd02ca121bf2120907c5838b30b198038a213f1e0ca2c42d29068a9c844979d6,
Training/meningioma/Tr-aug-me_66.jpg,meningioma,Training,marked_augmented_no_parent_mapping,,c6caea871a999f1240f80f498386d069398ebb933ba6333e1e113b98cf58829f,baba71b816036b716ea89085fa48f503d9272402cf67ce370922fc126590a143,
Training/meningioma/Tr-aug-me_67.jpg,meningioma,Training,marked_augmented_no_parent_mapping,,9f998e7c29943e610da04a26a9b8022aa94046c9fed76af00a3f14960135129e,2ce627d0df4e32de6ba64614f1b0d4c368bdf116e9160f5d789457746a157079,
Training/meningioma/Tr-aug-me_68.jpg,meningioma,Training,marked_augmented_no_parent_mapping,,efdab6944e91c968ab44248a9371d2ce6cccebf9dc20d3dcbf2977d07509658f,0eb31b3a063cfcbd45e28ac53c7ced2a88cee3c7c06f0de28dcd7d8cc5f86363,
Training/meningioma/Tr-aug-me_69.jpg,meningioma,Training,marked_augmented_no_parent_mapping,,467cb7b1c96929ac3dfe1ae9ee737c43cb83ec29d9f2ee2bf187eb8c6b7e16d5,067f0661850286110f3e843b4b44f7511c7a4597446581f7e09a6787170a88aa,
Training/meningioma/Tr-aug-me_7.jpg,meningioma,Training,marked_augmented_no_parent_mapping,,0ae59c938f03327a1048e94f17ded2498a6d2e5413038bb40247220a9b24dc7d,9567d713dc2498c615d2ebf5b25e955f716ffd18791e345288d64b7280381efd,
Training/meningioma/Tr-aug-me_70.jpg,meningioma,Training,marked_augmented_no_parent_mapping,,97c1d7035e2fcae6184026a6eb62e458ec5448c66955058056d3ea30289904a6,364439eca349a6ea620bd7f5c1bf9421984b39d3dd7ef913319e5f26a25f37fd,
Training/meningioma/Tr-aug-me_71.jpg,meningioma,Training,marked_augmented_no_parent_mapping,,cb0e2771e39b5a4ffb79eb805f40e23fbb80dc45c294afdae3c245e038a7a791,fced43b374106f793e422099d866c247f78ab61aee567973c81cd024a618a91f,
Training/meningioma/Tr-aug-me_72.jpg,meningioma,Training,marked_augmented_no_parent_mapping,,6ff666663d1efe717c38f5efea7ed7a1bc29210b426758813b9b37a6369449d1,041d392e77d78f6ebd2c1144d48743dee0d27e4952ee9215d9f5eb1a50faa4ff,
Training/meningioma/Tr-aug-me_73.jpg,meningioma,Training,marked_augmented_no_parent_mapping,,9b5d3ca6c088be2d46e36ca210038263cca6221ab5d2ee6ba4e29978908fcea4,4fa1a33f38d2eb069a217a9f51cb91a259b320d970c913bcb446a7c92e6237e1,
Training/meningioma/Tr-aug-me_74.jpg,meningioma,Training,marked_augmented_no_parent_mapping,,aea3562a060993b23568159fda792ee440e601eacf053962faea95d870211448,4ae5107897d9dc7373da3a55271500bbb172faca71d074f8e34d3f626d5dbd59,
Training/meningioma/Tr-aug-me_75.jpg,meningioma,Training,marked_augmented_no_parent_mapping,,5cf0a9333dc348e7e3dbb0e782684baa469232173ade3240d30551077121d0e1,df6a47c89e03ea99043fb67b0598b36fb4a3f4771c925a0a0744d879626a1702,
Training/meningioma/Tr-aug-me_76.jpg,meningioma,Training,marked_augmented_no_parent_mapping,,ae2bcf6c48b0774df4cd1917d9a5293788471c3baf434b7c0dcd08ac2cfd3b6b,3b1132ca53f8ce1cffd3c4adffd55f8b8dc2ec63b35076bc9b2758da936ba2ab,
Training/meningioma/Tr-aug-me_77.jpg,meningioma,Training,marked_augmented_no_parent_mapping,,e047ff7a00d96835ca5104495ca2adf138126c3ee3420a02f169ed243d425110,efbab493c433500221afc30cf077a4d88937af299b9351e71fb7efe51993143f,
Training/meningioma/Tr-aug-me_78.jpg,meningioma,Training,marked_augmented_no_parent_mapping,,38bc8978fe96bb488124e02ed9065fa4c5282a132b960a8003d62b316aaa5a2c,3d52c0dd64322f63142eecc20f4415458b4e3fb4145f577f17991d77e20cc620,
Training/meningioma/Tr-aug-me_79.jpg,meningioma,Training,marked_augmented_no_parent_mapping,,a54e819cc7bad9efa847e08694fc48607c3cb317e22fb37fd36fab5297d69955,318850b8068acd8f08362bec8dacb60d03c72fda9a6a30f64cb2b9d53f09fd70,
Training/meningioma/Tr-aug-me_8.jpg,meningioma,Training,marked_augmented_no_parent_mapping,,81de38f2823146b82982a846f791af60a17bfe1592764ba72dd73297bb365234,0e57bf85b00afc604660cca4b548334dcda8d7f9f0eefa900ac661a18349c623,
Training/meningioma/Tr-aug-me_80.jpg,meningioma,Training,marked_augmented_no_parent_mapping,,f7d9e8eb12a78b8793b672c2e13f953bae94fe8723ac1b9ed4fd0578622b26eb,70d7cb2e72e5a55187660b02b5b5d116b26d46ba57f7823839604b6355c6fe78,
Training/meningioma/Tr-aug-me_81.jpg,meningioma,Training,marked_augmented_no_parent_mapping,,317b94e7d9ad7788c8fff5a6db0f1f9188da588c5511caea6c2fb94c725c3aef,69250d31578ee2cf00ae51d07d405dc4eac3e818c9414287c45d375fda990511,
Training/meningioma/Tr-aug-me_82.jpg,meningioma,Training,marked_augmented_no_parent_mapping,,ba11464d476f7136d4725a6604b0d2682c32aef4eabb9593334b060d8aa646f7,23cc6edb92f0487b6d9d386b6c1e1cf140a93b07667bc91241dcd65b9dd3d010,
Training/meningioma/Tr-aug-me_83.jpg,meningioma,Training,marked_augmented_no_parent_mapping,,efdab62f269fe158a5603afd5438666aaad69f1de7955d10b3851b191365509f,778ffb1071cdc86818a42abae2f6c7bd4509b1fbf0fa31a9681a12fb95942d3f,
Training/meningioma/Tr-aug-me_84.jpg,meningioma,Training,marked_augmented_no_parent_mapping,,0ba0ee3fff4061497f5cac111a2cfbc380a0a80f49682934ecef0163e17cab9c,fc4fd9fde20cd26dce838ec68444631e516aaaa68732e2ab7b92b354715c18d0,
Training/meningioma/Tr-aug-me_85.jpg,meningioma,Training,marked_augmented_no_parent_mapping,,52a18b71c9df3b6ae1f80f0e8e6bb249d48865f146d6c4c4611bce632180535d,c1ef89651d6554e4bc5d2545ca782b6959e6a0f397af69d84b81c39ed967ade0,
Training/meningioma/Tr-aug-me_86.jpg,meningioma,Training,marked_augmented_no_parent_mapping,,12fd103c3274c0834b0b67fc5e3cb7499aa5a8a0d2128260f40ccd03f3511e4c,786e393ed584cce11b6dd85da534a7e5a7519cc9a7a003ddd6a3c69a7deee5c4,
Training/meningioma/Tr-aug-me_87.jpg,meningioma,Training,marked_augmented_no_parent_mapping,,0ae021e221cf0803074d8359da04af9e76e9879fc056d6205ee35caa2826557c,76d3dad1860c84d88d1da9e635a7ed35a96f9c35447c2007768c25c6c150b9b3,
Training/meningioma/Tr-aug-me_88.jpg,meningioma,Training,marked_augmented_no_parent_mapping,,8aa9836a326072bf49f4d604a9d247d9b75e7ebfa1ce14790233d5dbafa24297,ed3e5d37fa278efbd43c0c721b5b333730ba43d9e1ad88f1d61528edcdf00dcd,
Training/meningioma/Tr-aug-me_89.jpg,meningioma,Training,marked_augmented_no_parent_mapping,,0f673459b5dba7f9dab9a6a32309e2c89ddf4bb9b799d3350f56c33e8cc8b2d3,04035c6041a6ec4b1341cf9e97f7318abafbe60f6bdd522463bb2d943e3bd21d,
Training/meningioma/Tr-aug-me_9.jpg,meningioma,Training,marked_augmented_no_parent_mapping,,41c35977c6660def7fac02f008ff10cc05bea3e9f5e5c068ea07dc514ed1e091,c4f53133eeb13b91dbea9a736febfd241b5e1fd50524fbf0b54ba3dd1a20e0c5,
Training/meningioma/Tr-aug-me_90.jpg,meningioma,Training,marked_augmented_no_parent_mapping,,e50960c499e99a17df350e4f261d140bb10d74d9a3d81d91c4878542e2b32538,fe8ae3acfdeb968e539488a0d5ce638d0247e69e7052b0aab872dfd62dbe03f8,
Training/meningioma/Tr-aug-me_91.jpg,meningioma,Training,marked_augmented_no_parent_mapping,,5c32bc4af148302670ffb8a5aa58fc239cea60fbbfc08ba34a65230a0de6f6f4,b4691fc0a89122f3debde8513cabc404aa4b18c3d7a6efbfc468baca1bdc31c9,
Training/meningioma/Tr-aug-me_92.jpg,meningioma,Training,marked_augmented_no_parent_mapping,,8f9c305ee1ad7c0f9e616d2f95e5536f5858b575e81d7a56e98b574bb8a20666,041f93574320b8705b03401b8afe1b4921d9b1a97dbf0cc5f42135e0e8fb06b6,
Training/meningioma/Tr-aug-me_93.jpg,meningioma,Training,marked_augmented_no_parent_mapping,,77d1a53171807f4ac1df61651a8f2fc8f631ef6632810bd69abc454f60068cef,8aeb0e9d91ef27e623128dcacc5b921c92f3389e5cab0aac96ab4a2ef72f86c1,
Training/meningioma/Tr-aug-me_94.jpg,meningioma,Training,marked_augmented_no_parent_mapping,,b8a72a6ed1229b7b33dc11c8641ebf15e55e9db20fd933e6372234013b8707b8,445849c9ec7f8f79c41915c8ed77ab167f6649022e45a6c50f446a1a67748ea3,
Training/meningioma/Tr-aug-me_95.jpg,meningioma,Training,marked_augmented_no_parent_mapping,,ef0e11d139ea444dbd4e266a8ccd3f79d22d82c5b16189481ec4047b605fb9c8,7ac57333e4aad76990178f7a5701e43a5cb3dfb5aabcd728655d9c313085a5b9,
Training/meningioma/Tr-aug-me_96.jpg,meningioma,Training,marked_augmented_no_parent_mapping,,0e611156f0581371a53bdf68f60e17132a31b9d7e651f774f66fa5a772dc75d4,7acd819ed38bbf51b3308048abcdd2f56ccf39165eda8751eb3453313ecdecb5,
Training/meningioma/Tr-aug-me_97.jpg,meningioma,Training,marked_augmented_no_parent_mapping,,089a7ad8107e9ef50fc7c35e7407b18fcda170be3707749807a059a5cb46b3a8,aaf84aa8527537fbe7bb78fdd50e7eca6165f865a99c5f365a2b631587b1863f,
Training/meningioma/Tr-aug-me_98.jpg,meningioma,Training,marked_augmented_no_parent_mapping,,47659f0b7a3739148ba3a036ec2204283a0a233876b0a0458bf251bfae9c2da8,2bb615341df3a514018412d0941aad66fe1c29ed2ca801dd328310a393e12526,
Training/meningioma/Tr-aug-me_99.jpg,meningioma,Training,marked_augmented_no_parent_mapping,,fde0dcb9f7a9aeb206a5f7fc9cadc37231f528162eabd29589c21b348e2315a1,e73a12b5061899a436b60c42abebe6c3379e6ad99a671c0aefb6b6324e7aa0de,
Testing/glioma/Te-gl_303.jpg,glioma,Testing,duplicate_decoded_pixels,Testing/glioma/Te-gl_129.jpg,917cadd5aad4a8288a4f759d4f4a261e66c3187dbace1293b76aa8434b691b37,e89f5f930a81bbf258fb195f9596facd1245c120fbe31820600a8849e40f6912,
Testing/glioma/Te-gl_238.jpg,glioma,Testing,duplicate_decoded_pixels,Testing/glioma/Te-gl_140.jpg,75a94d8802948910edc24b520257853ad379e8be91af1393bd6b5092b23e05b1,e4a04ad0c00aa86e36fb408a091d5a7849560fbbd71ee2008d23a8319618ecc1,
Testing/glioma/Te-gl_72.jpg,glioma,Testing,duplicate_decoded_pixels,Testing/glioma/Te-gl_143.jpg,8854fba4d018533127553c10ffebacf8d730192cb6f07d957ea5d3fb48421eea,8d9252460a4a2f0901a5205b1a2f9d670f15aa20b61a796b12fdc4273acc3c36,
Testing/glioma/Te-gl_59.jpg,glioma,Testing,duplicate_decoded_pixels,Testing/glioma/Te-gl_144.jpg,9240553fcd8fe826ed548984db69d2d0178a14adb7aba345b6e7ba539e15d71f,d05989b0fb5b428f36166078115cd7b1b0e76379f4a698d63f8e06819d486970,
Testing/glioma/Te-gl_359.jpg,glioma,Testing,duplicate_decoded_pixels,Testing/glioma/Te-gl_162.jpg,d9f4b45dbd6b4583a3a2a7f3e080221f0e80be285de21fe7e37bd32b5f5d220e,5d27acb3b8bc57f619bd57ae48a96107a87def1939a636e5ad44f6cbc1f1d76a,
Testing/glioma/Te-gl_278.jpg,glioma,Testing,duplicate_decoded_pixels,Testing/glioma/Te-gl_166.jpg,c3e0dfa4276ce9ec6db117fa83397c51ba751c0031b7ee044b682e34b5a82100,7247fc3dbfa0590d06a9cabedd6cae9651682ba027ef453ec5a085201c58ab3d,
Testing/glioma/Te-gl_169.jpg,glioma,Testing,duplicate_decoded_pixels,Training/glioma/Tr-gl_1271.jpg,f39d7632b9967a19ba2c9475f88cfa007f2bf4aa33ea6d8f8ff09d522aadc5bb,20a3ec33f782dc8d9f9a7948fe7847321eeef46a725beba34412b0c43fc53e18,
Testing/glioma/Te-gl_178.jpg,glioma,Testing,duplicate_decoded_pixels,Testing/glioma/Te-gl_170.jpg,36d2f03fd5b0ffd8a3ac1d2fe9f2c3cf4967f82751629676198f774e0ee21a9c,215159301e8fed1f84f696aebe99082ec31af090437fbc7a930401041004a1a6,
Testing/glioma/Te-gl_228.jpg,glioma,Testing,duplicate_decoded_pixels,Testing/glioma/Te-gl_171.jpg,177abe5e79819aaca240e172e350d26a7b6e4d12c1c4c9f5a16c6cbb2e2a650d,9a1b9a95f6b455c1aa90e8d7e0f4b5d20efe0ca4a5bc4ada666be482ce146316,
Testing/glioma/Te-gl_36.jpg,glioma,Testing,duplicate_decoded_pixels,Testing/glioma/Te-gl_177.jpg,192cb19f45e0c2f320174ae32077f828514d07d101a3042b1064776e6bc28cd6,3032227de56bb863207ed328e4e942c448d1666348bccf548794ed774945dbe3,
Testing/glioma/Te-gl_259.jpg,glioma,Testing,duplicate_decoded_pixels,Testing/glioma/Te-gl_204.jpg,9c20281ccdd53888d2ebcecc9c71521ed2431500eb4448e1b63465c050a0e59f,34c2f868b62fdb74488935565bd50750ad2bcd6a631425c1f56a3297cb150749,
Testing/glioma/Te-gl_272.jpg,glioma,Testing,duplicate_decoded_pixels,Testing/glioma/Te-gl_212.jpg,c711a606ec66e74a2bbe5721727a3deeb2fd9e4b20aa50c99afd65d7dea42541,0e838277c70c8d5f71a850e8121ac7117b52349c79ed1112b869fadce669bb1e,
Testing/glioma/Te-gl_338.jpg,glioma,Testing,duplicate_decoded_pixels,Testing/glioma/Te-gl_212.jpg,c711a606ec66e74a2bbe5721727a3deeb2fd9e4b20aa50c99afd65d7dea42541,0e838277c70c8d5f71a850e8121ac7117b52349c79ed1112b869fadce669bb1e,
Testing/glioma/Te-gl_225.jpg,glioma,Testing,duplicate_decoded_pixels,Testing/glioma/Te-gl_216.jpg,6864a3e2f7406bdef32f33aecfeeb19b0a5fe0ac92a6f7b09be01c2ddc255278,d812fe8a605fd0ea1289fff6242c0fec52476b3a889b89d4ec283c0ae84fce7f,
Testing/glioma/Te-gl_233.jpg,glioma,Testing,duplicate_decoded_pixels,Training/glioma/Tr-gl_420.jpg,f99b13c4e56cbca5167f449103b92ca2d7d91c6e7bcd3edb03814ff03dec5a02,4f8cd24c549f3024eed661cd5f93b0bed7180c555ea07a15805a5e3e9eb8d5e9,
Testing/glioma/Te-gl_85.jpg,glioma,Testing,duplicate_decoded_pixels,Testing/glioma/Te-gl_253.jpg,dfe3ba072de070d1d78c367f8facb4680032ff69735adda54f57511090770be2,5e6b8d56b79b34bd371f11dfe4af7f25d383680cd7d06b1f751429d2ac70b8d8,
Testing/glioma/Te-gl_29.jpg,glioma,Testing,duplicate_decoded_pixels,Testing/glioma/Te-gl_270.jpg,c2bd43b2b8cdb63dc5b6d86fa972dbc4d8395278a5e7fac7f1c972f01921a206,a984d03033d59b1bbd2c2d6acc1f4ed98ea8f771d7138689ac4ffc0dfac3fcd6,
Testing/glioma/Te-gl_299.jpg,glioma,Testing,duplicate_decoded_pixels,Training/glioma/Tr-gl_361.jpg,8872585c004347ea73fad063e407998e62786cc8d7a0938ad85792f19a55eb0a,dded1397a2fbad2dd612713a04357341a2fd8b8a2c852aa0ab90692fcc97acca,
Testing/glioma/Te-gl_364.jpg,glioma,Testing,duplicate_decoded_pixels,Training/glioma/Tr-gl_361.jpg,8872585c004347ea73fad063e407998e62786cc8d7a0938ad85792f19a55eb0a,dded1397a2fbad2dd612713a04357341a2fd8b8a2c852aa0ab90692fcc97acca,
Testing/glioma/Te-gl_311.jpg,glioma,Testing,duplicate_decoded_pixels,Training/glioma/Tr-gl_1057.jpg,039687b8d459da27d82239679a8b862b07f90393adc5bd0f511a38a0b7baa04f,4f68331ef1837606f0326c508807985d9a0eed3e62dde76a440ddd1287074cfd,
Testing/glioma/Te-gl_389.jpg,glioma,Testing,duplicate_decoded_pixels,Testing/glioma/Te-gl_32.jpg,04aa41d8514362877d7f8fd81e543bc8584e4a6ba1ac025c2f37515f32abd9b0,f959b3ab8f7b77dc23e64d9afb45b9257f3e8d545520de8cfed1740d0afb21ae,
Testing/meningioma/Te-me_1.jpg,meningioma,Testing,duplicate_decoded_pixels,Training/meningioma/Tr-me_36.jpg,0d788a5156cb295ffdd9eefb5ca7f88a68d6e5e93fbee087d879d37a088c460a,a1746a78f1e9f2868a7b2ba7ff404960379b9456d00d5730218cb54cf15779c7,
Testing/meningioma/Te-me_101.jpg,meningioma,Testing,duplicate_decoded_pixels,Training/meningioma/Tr-me_404.jpg,32aeabe5bd8a77001d06adbb24a0c1727d110692d91e6a5143251f9719696b58,8bbaf6f63cbbdf18ca50e3310214b9e6e4ba530c0167ed97d815fddbc1d89e70,
Testing/meningioma/Te-me_105.jpg,meningioma,Testing,duplicate_decoded_pixels,Training/meningioma/Tr-me_530.jpg,935ba7f0696adb99b0bc47bd75e6ae0ae86426d1fb6922dac8b9569ddaea8a16,0f85f4c39a979cc34a6693e46b7b91654161ee656483c93c16859eca57f6dde3,
Testing/meningioma/Te-me_109.jpg,meningioma,Testing,duplicate_decoded_pixels,Training/meningioma/Tr-me_877.jpg,49123208b118fc9fea58265c4033396e264cbcac373ee2878076baf38aaf412b,1704f44357c9057d92eba220e42196e3c01598890b97a02d0c6788ed1e687709,
Testing/meningioma/Te-me_111.jpg,meningioma,Testing,duplicate_decoded_pixels,Training/meningioma/Tr-me_865.jpg,d42c2063d877d317380155375c55a3f736e1202e404cbfa0d4507bef3350f4e3,951f7b9455ce17699d9f2d06129e51296e207abbd509405d4ac383a3570b49b3,
Testing/meningioma/Te-me_113.jpg,meningioma,Testing,duplicate_decoded_pixels,Training/meningioma/Tr-me_962.jpg,39cabdc25d698ca1fbb4db79efa72184c0f92d854c553ee098d74ccbcfa38fef,cd3250ad01070b83cb868c1d8f5a885b1efc96ecdc2291c4d4f46c05be992121,
Training/meningioma/Tr-me_534.jpg,meningioma,Training,duplicate_decoded_pixels,Training/meningioma/Tr-me_339.jpg,24f09f91af40e42f2798bbc29df353ce17e6a0c0b533fb923b2fa8f75df6b496,3d1a716bf3a4ce699d523a7d0cf09dd157f2930d80ec3f21ec9941a53aebbf7b,
Training/meningioma/Tr-me_86.jpg,meningioma,Training,duplicate_decoded_pixels,Training/meningioma/Tr-me_339.jpg,24f09f91af40e42f2798bbc29df353ce17e6a0c0b533fb923b2fa8f75df6b496,3d1a716bf3a4ce699d523a7d0cf09dd157f2930d80ec3f21ec9941a53aebbf7b,
Testing/meningioma/Te-me_116.jpg,meningioma,Testing,duplicate_decoded_pixels,Training/meningioma/Tr-me_339.jpg,86847c6a4729a4b19bf1b3f58905c68812c6f75ea680c0ccb1621b94e165d16f,3d1a716bf3a4ce699d523a7d0cf09dd157f2930d80ec3f21ec9941a53aebbf7b,
Testing/meningioma/Te-me_235.jpg,meningioma,Testing,duplicate_decoded_pixels,Training/meningioma/Tr-me_339.jpg,86847c6a4729a4b19bf1b3f58905c68812c6f75ea680c0ccb1621b94e165d16f,3d1a716bf3a4ce699d523a7d0cf09dd157f2930d80ec3f21ec9941a53aebbf7b,
Testing/meningioma/Te-me_117.jpg,meningioma,Testing,duplicate_decoded_pixels,Training/meningioma/Tr-me_846.jpg,776c01ae38336a0f10e1f54fc77e2f307a60c904daaf11713015db72378c54f8,ddc7072ae072c39ee4a2a60bbd71b615d5160dc7d77790fb676b481e7e63fd21,
Testing/meningioma/Te-me_121.jpg,meningioma,Testing,duplicate_decoded_pixels,Training/meningioma/Tr-me_706.jpg,6a86bd97e2f696c93ab917bef8d9bf7ed7d151237e3bc437aedb265b793c0697,cf92b514cf0d3b18f49f77aab02d35f804b40bfc1285a2de708810275d9855fd,
Testing/meningioma/Te-me_126.jpg,meningioma,Testing,duplicate_decoded_pixels,Training/meningioma/Tr-me_845.jpg,15a557c6c92879340272c82ea514712faecbccf15b3f08c9070040b8e685d66f,5a70e072a8ffabf01a2338b96b66c9cc9116862deb323a985941d74af4829151,
Testing/meningioma/Te-me_137.jpg,meningioma,Testing,duplicate_decoded_pixels,Training/meningioma/Tr-me_666.jpg,960bb35fb0e7a91fba080e7b48cf93de2f16cec883d25c2579c0d170dc599b20,0185a6aa918118725d2ff5573bdad8c6ee25c39af544f32abca91bb6f0b5e8f2,
Testing/meningioma/Te-me_138.jpg,meningioma,Testing,duplicate_decoded_pixels,Training/meningioma/Tr-me_557.jpg,8238d1f576cd9a0d6fb599baa2dec1f08b8d9355412d1cf91db367a8729da07f,7039623a7028736c7305bb0a07a90bb1af47068a20b2fd3ba8ac086f725efe87,
Testing/meningioma/Te-me_149.jpg,meningioma,Testing,duplicate_decoded_pixels,Training/meningioma/Tr-me_960.jpg,bb624454b04721a0bfe7e06c9bd2288c233f848603d9ae719ba2b052f530634a,570f56f95f7d8f6769a6856b58d65bea46118e00f1c15fbfd1427049a8e335d0,
Testing/meningioma/Te-me_156.jpg,meningioma,Testing,duplicate_decoded_pixels,Training/meningioma/Tr-me_957.jpg,85810ba8cb4b872c9b258e404db14581906135c54f678bc4ea4d8c706f8530af,23ce32bff0aeb36af34eae6e5e6a8a382352ad2b1b4371e80c2e0a3b09ae8781,
Testing/meningioma/Te-me_157.jpg,meningioma,Testing,duplicate_decoded_pixels,Training/meningioma/Tr-me_1044.jpg,5c6da12069abad1ea0d958b7cbeec5b4ebed459dc9b1f2177246cc4e597b0b4b,02fbe8564fc5a1b9f5942687a79b158594b7f47fc4015e1a5c5bda532be37b06,
Testing/meningioma/Te-me_158.jpg,meningioma,Testing,duplicate_decoded_pixels,Training/meningioma/Tr-me_1194.jpg,024bdc364dc642a401ddca2ba91863d0f07055ed69594942b24d5f9724e2d737,eb854cdfaf786bd7bb4369f841518b78a7c6171a3271f0211604c7114796a8ac,
Testing/meningioma/Te-me_159.jpg,meningioma,Testing,duplicate_decoded_pixels,Training/meningioma/Tr-me_1122.jpg,6f41b1588a32f33ec72b5d3a277d2a84a3bbc7b030b50dd54b3733f75653e926,fbeeff9b8703b5024b58ea13a1bab08889050222313780ea1782d3df14ac6eb4,
Testing/meningioma/Te-me_162.jpg,meningioma,Testing,duplicate_decoded_pixels,Training/meningioma/Tr-me_758.jpg,b328f1679bf050f684a0a1f3b33805551b2ad2858a604308dee607c4643b3571,662c14a190b32cf2f53d4fcb10722ac8aa322ab268aca5895e2c9a48fb0d9f70,
Testing/meningioma/Te-me_165.jpg,meningioma,Testing,duplicate_decoded_pixels,Training/meningioma/Tr-me_1112.jpg,b981ea69aea30d8a852c1eed9f64a190a101c6f2b9b1d26b16d0864251d5ecb9,b6b37bfac44eccb9f45985b9e71ba90e345f9018e302faed6e04d812a88c0256,
Testing/meningioma/Te-me_167.jpg,meningioma,Testing,duplicate_decoded_pixels,Training/meningioma/Tr-me_239.jpg,0b2a2b578be6b8a5a897047a580f4c331a4ce7999585866bb41e22e46c536cd2,d75a987b5bd0e23802e95053c59a79915f7b2c5a6d84b0730aed8152e805cdb7,
Testing/meningioma/Te-me_171.jpg,meningioma,Testing,duplicate_decoded_pixels,Training/meningioma/Tr-me_453.jpg,ea3bd80a786c4d44d3ed6c16fdcfd829fa7045d0227c623dc3ee1ef86f7adb39,0d0a12f49bada7c6cc96f5897532b084529d4869ef87e74062fc7568c8a0a191,
Testing/meningioma/Te-me_174.jpg,meningioma,Testing,duplicate_decoded_pixels,Training/meningioma/Tr-me_110.jpg,fb2b0e33367c6b46c5aee62ff7fa335a1cd7f185792e84090f8a62e722d91d8b,4b0a0bcfd0358556429276f8fd74326f967b278965d2398daab42cf6056231e1,
Testing/meningioma/Te-me_175.jpg,meningioma,Testing,duplicate_decoded_pixels,Training/meningioma/Tr-me_737.jpg,ce9682cf32ab75a300537fc7170a731c536079308142e167d949634b29034aec,aef58e4174c85adc916428a698c0da9ba42cadeb70a2da9070dfb1915cca5340,
Training/meningioma/Tr-me_561.jpg,meningioma,Training,duplicate_decoded_pixels,Training/meningioma/Tr-me_432.jpg,e2c7bc9c2d735e5b584b329f5cda1aec1f2415b2972c4aa8efc8d0a61e61b280,9ed0bbd4e75d6ec8687f6efd57ae35e37322e3e16677d5b92d3b9b1cecc92e9c,
Testing/meningioma/Te-me_179.jpg,meningioma,Testing,duplicate_decoded_pixels,Training/meningioma/Tr-me_432.jpg,f55311fb8ccf1b86450233262bd00b176bd1c404e5849b59c0a3cd5e4440626b,9ed0bbd4e75d6ec8687f6efd57ae35e37322e3e16677d5b92d3b9b1cecc92e9c,
Testing/meningioma/Te-me_198.jpg,meningioma,Testing,duplicate_decoded_pixels,Training/meningioma/Tr-me_432.jpg,f55311fb8ccf1b86450233262bd00b176bd1c404e5849b59c0a3cd5e4440626b,9ed0bbd4e75d6ec8687f6efd57ae35e37322e3e16677d5b92d3b9b1cecc92e9c,
Testing/meningioma/Te-me_18.jpg,meningioma,Testing,duplicate_decoded_pixels,Training/meningioma/Tr-me_331.jpg,cdc4d724a668388abc3657213ea91c3e8d849b2c7e155dc4676ca38a4396b618,e57f04a7cedd05b75a53dbd8c8f6e497391ad1bc481dc4ffe59200f713e1117e,
Testing/meningioma/Te-me_180.jpg,meningioma,Testing,duplicate_decoded_pixels,Training/meningioma/Tr-me_616.jpg,20c540c392630d5bba27c8a6c47a1933df2a9803135b061ef80652904e810432,37dd3dbd0ae051b00751d21b868b19011e920b1b90296b3cced0c1aebf8dd20d,
Testing/meningioma/Te-me_45.jpg,meningioma,Testing,duplicate_decoded_pixels,Testing/meningioma/Te-me_182.jpg,f813b3d84d164a5b7e87174946eb5c7acaae34e62b480bb31bcb0d6d518986b1,2eb07d46583666de8341fe854cd5b074820528659446dbf2fb7fdac4de800635,
Testing/meningioma/Te-me_184.jpg,meningioma,Testing,duplicate_decoded_pixels,Training/meningioma/Tr-me_19.jpg,065838e8c921af9cd741387fc62a1caf696e46c11fe15ac6ef95982cc9b74dee,9d8b009bd7f7f19dab2c9aa7a9a9d89de28ad42d3f77e652316e12602811d345,
Testing/meningioma/Te-me_187.jpg,meningioma,Testing,duplicate_decoded_pixels,Training/meningioma/Tr-me_52.jpg,9cae4b313ce3331190a0d872b36cd7b023737156a29c681e13ef9384828478f9,5a17c2294229a6fd1ce68d64bade7681068ccf44655681194f31c27010dcd56c,
Testing/meningioma/Te-me_19.jpg,meningioma,Testing,duplicate_decoded_pixels,Training/meningioma/Tr-me_771.jpg,560108cf47bf68a25d59b30642274cf8a2eef0596e6ce275e878652c3ab65f0d,65dd83ded004398d99693de6853594cc77b307eefacebca56ef275c34b4415dd,
Testing/meningioma/Te-me_190.jpg,meningioma,Testing,duplicate_decoded_pixels,Training/meningioma/Tr-me_472.jpg,bbc7b2a45a317370ec1115cf902927adfcb71d569c1cf413fc4d1fd68fcdb763,461fcdbe24baa9909d17d07e861fa11aaa525de57886ba4641f014023ed6620d,
Testing/meningioma/Te-me_195.jpg,meningioma,Testing,duplicate_decoded_pixels,Training/meningioma/Tr-me_3.jpg,cf13d1ba3994cea11a9c3ff8df2934c324f15b393c6aadc20235c2eaa784ac9a,e649077d046672a7037da6ccd6b674c46206af2a458db2bfaa73d1fb18f434c6,
Testing/meningioma/Te-me_197.jpg,meningioma,Testing,duplicate_decoded_pixels,Training/meningioma/Tr-me_437.jpg,d2e28f585c7aec0c59898578a258d64189c62a1845bde369407e3766b648d868,e7fb30e2669f305178419eb97ff9ba6bf54c2101ea4046069f2c983340ddca87,
Testing/meningioma/Te-me_2.jpg,meningioma,Testing,duplicate_decoded_pixels,Training/meningioma/Tr-me_1069.jpg,bb916ba7fe525b5ba8f325bdfb2941bbb9119c84f0ae3662a59bcd342679cfe8,f325ca185c5e239f9e4349307e45008fc4a4f4dee29cd8ae00001475cc353096,
Testing/meningioma/Te-me_20.jpg,meningioma,Testing,duplicate_decoded_pixels,Training/meningioma/Tr-me_373.jpg,d50fe37de5cb0b6f97374864487a719fcaaca4e9ede3ef711b623314d64cdbc9,c8e80c771c676dc901b51a1e8fefe067c73372de064dbf3830f573e855760b26,
Testing/meningioma/Te-me_202.jpg,meningioma,Testing,duplicate_decoded_pixels,Training/meningioma/Tr-me_465.jpg,a63f2866a725f2b4a72deebd9399962fa5fd20a0a5a7b3c571bd97ba1365c857,ccb05e5498fd02dafe9cc8c0d710e6a54e661a77a153d6703df6767cf0e6ed26,
Testing/meningioma/Te-me_205.jpg,meningioma,Testing,duplicate_decoded_pixels,Training/meningioma/Tr-me_661.jpg,8aaadd0f631a11d4e11796b9afc422aea41548c3b9607b338377f3002747101e,c25d28948c9fa7b21058a4bbcad896da3c20974fee412afca4df710387062fc6,
Testing/meningioma/Te-me_206.jpg,meningioma,Testing,duplicate_decoded_pixels,Training/meningioma/Tr-me_753.jpg,8288cd2152fc6daeaf7da557eca1d0f2e9e72367ee10b4c5e09248597637e82a,97fff6e8bafa2e1f074b6859033c96ad43c0851f62176f374938712707081112,
Testing/meningioma/Te-me_207.jpg,meningioma,Testing,duplicate_decoded_pixels,Training/meningioma/Tr-me_1262.jpg,0e0691ddbafbb3de52d589c410cadc2279466b3a5d085c9af34140d407062f73,448ac6c6e467c076e66a2b1928141f8e2f8f7d53d0695f189b575617258a4132,
Testing/meningioma/Te-me_208.jpg,meningioma,Testing,duplicate_decoded_pixels,Training/meningioma/Tr-me_421.jpg,b31d723ab6491c8da12fddc8b756b398e5f35cf08f063f092b1a8c7cbc2d78c3,9b8a73496812e8dffb144270733d2a75d107b8383f4505ca5527c8bb8a9ea184,
Testing/meningioma/Te-me_213.jpg,meningioma,Testing,duplicate_decoded_pixels,Training/meningioma/Tr-me_489.jpg,c0ad227c9b3d1537b9264900413e3fe0a3ffdcded65a531450f1ba895ae1f8e2,91c7e539705fe9659dd05110a6658c70d627cba6fd59e05fce257096a22f278a,
Testing/meningioma/Te-me_214.jpg,meningioma,Testing,duplicate_decoded_pixels,Training/meningioma/Tr-me_639.jpg,287e57e51279330fe35b02999f3e99c4a8d71a2982384edeb6dc21e65e69c853,f5e9eca4b7eb32d2e60b1292fe183dcccfc314aa47a1cdfaa3fce6cae076c9f8,
Testing/meningioma/Te-me_216.jpg,meningioma,Testing,duplicate_decoded_pixels,Training/meningioma/Tr-me_330.jpg,4cc66638107c582da061fb013badc87dfb5dbdb94deee50550a5df8b967d9947,af5bebba848e5df5622dd4ffcb4b55ee32d7f95bc7c2ffe18c2f0a51c644136f,
Testing/meningioma/Te-me_219.jpg,meningioma,Testing,duplicate_decoded_pixels,Training/meningioma/Tr-me_920.jpg,10349e0d5645628fe11b685fdb2396ebb7100a8257cd5d8f1e488bb8d92c131b,c0a77b1e7ebb58ccf92dcba8903f49b012940ed54310374e33bdfde2ce56f6c3,
Testing/meningioma/Te-me_223.jpg,meningioma,Testing,duplicate_decoded_pixels,Training/meningioma/Tr-me_965.jpg,03ce76b527d01938dde828aa4b9e3e882cee655017ea9ed27effa47790f184d2,eec1216aff59a367d58880bfdf0a10e1d312f6495aad3f425709e84fa8c45a3f,
Testing/meningioma/Te-me_228.jpg,meningioma,Testing,duplicate_decoded_pixels,Training/meningioma/Tr-me_497.jpg,bd050c09c3c01a44d48094de9b613423722725e6af36246c60952b9f5c45c729,bd4de6373a9f436ead289f6f2f136f80101ba928aa579e5185de90bc379a478c,
Testing/meningioma/Te-me_229.jpg,meningioma,Testing,duplicate_decoded_pixels,Training/meningioma/Tr-me_688.jpg,80954652d15d172bfeddcc5cfbfef504b221e9c5378bbb195a06b2b6c486ce3f,31e9e698b1d3cb21eb864be2ecb48b6fd2af9a0df855f9ea5e8d2672b04190a3,
Testing/meningioma/Te-me_230.jpg,meningioma,Testing,duplicate_decoded_pixels,Training/meningioma/Tr-me_238.jpg,eadc6dd552a21452ea3a1f171e62f805c6f66927d6f8670961aac7e9495ded81,fefeef047fab9c2eeb584b907029c4a4c3e12d01e9d38593c0ee8f6f3d789778,
Testing/meningioma/Te-me_231.jpg,meningioma,Testing,duplicate_decoded_pixels,Training/meningioma/Tr-me_158.jpg,d04c10c4f3530ea0dc96002c117a18ed2252afe362b935aec1c673eec7fa0b4b,5c94e2417f3d9558ffaa2db6c61e3a74542c1549f729381242cd0d5aac6c13c6,
Testing/meningioma/Te-me_232.jpg,meningioma,Testing,duplicate_decoded_pixels,Training/meningioma/Tr-me_205.jpg,096fe04df8baf322fa3033d1c8dcc769ce2c759d8872fba5f3b88646fa88b064,894a320483120c76481979d599ba8c245c40bdd74c366f0dee21d662ce638f3e,
Testing/meningioma/Te-me_234.jpg,meningioma,Testing,duplicate_decoded_pixels,Training/meningioma/Tr-me_760.jpg,88db6aa1c085c4ed123b0550eb95f25d13bcd1ea4d0f23a44fb469ff8ae49540,573e46bbd539a3819600c699d9b5a271093d026cf152abca3a84a8b78944047d,
Testing/meningioma/Te-me_241.jpg,meningioma,Testing,duplicate_decoded_pixels,Training/meningioma/Tr-me_1146.jpg,75de2e313a9570e899b592d69c150554c350699b058d3410e2eea78c6db8dc9a,36a848504955c03708032c6efda9f321e41b66bbc9d24bd326222bd8d44cedcf,
Testing/meningioma/Te-me_243.jpg,meningioma,Testing,duplicate_decoded_pixels,Training/meningioma/Tr-me_880.jpg,2879fe07fda1859fa38e6b675d8fb6cb92addc19a467a5a66c4834e345734752,e8b8578f03a3c57c8f3342a27867efb6db0d72a206cd885904bb0013c7f1fd2c,
Testing/meningioma/Te-me_251.jpg,meningioma,Testing,duplicate_decoded_pixels,Training/meningioma/Tr-me_450.jpg,87886ae7a7ec7535a975fa0b267d5889a995699a4fd5d7672f5a7346659dff38,2ada6ecdde73f9053e9f3653392e63d72cc042f6e8dc723b0bfe3c9255042e84,
Training/meningioma/Tr-me_726.jpg,meningioma,Training,duplicate_decoded_pixels,Training/meningioma/Tr-me_543.jpg,4951f7ba2e002020c835b3f50136c3249f3ae004624b35a262e65dd431d70e56,24f943ee932f619f3be29a41e78caf03eb26d6d184b4026e13ba1e035ad0998f,
Testing/meningioma/Te-me_252.jpg,meningioma,Testing,duplicate_decoded_pixels,Training/meningioma/Tr-me_543.jpg,67783a1aeb696e36c1be2bc1af3c0a02d3f61d32248b5bfa2840b22a72b8484e,24f943ee932f619f3be29a41e78caf03eb26d6d184b4026e13ba1e035ad0998f,
Testing/meningioma/Te-me_253.jpg,meningioma,Testing,duplicate_decoded_pixels,Training/meningioma/Tr-me_776.jpg,3b2ba8de971d62969e17bbb638dd8ab6ae3d3aa87edacaf28918e9ce8eb95dd9,704dd9518adbea6079b9b0094825cc738420b0a1a1d6510392b23879db49040d,
Testing/meningioma/Te-me_259.jpg,meningioma,Testing,duplicate_decoded_pixels,Training/meningioma/Tr-me_553.jpg,a147b1910d63258713da833522f6e321bed28401314d5248fbab73df9a46bcac,f50fae267189d1c58606f458011a08724b1a49e507db61e52af5ef853c38123d,
Testing/meningioma/Te-me_26.jpg,meningioma,Testing,duplicate_decoded_pixels,Training/meningioma/Tr-me_99.jpg,8af45389729b1c164ceb212484e338aa6981922aaf14c78afc1d28762b19b2c9,5477a3f48616c3374dbe495a985a91c9f5860e24784c0ca7574ec10e6ba732b5,
Testing/meningioma/Te-me_265.jpg,meningioma,Testing,duplicate_decoded_pixels,Training/meningioma/Tr-me_126.jpg,51052c8439701c2832aaa26111104f4f7e03c0c99641205ee29cea957bf44a35,2fbcb173b56b6f83cdee1428878a2359fa889a9a903996b8580f5df5e421a26c,
Testing/meningioma/Te-me_266.jpg,meningioma,Testing,duplicate_decoded_pixels,Training/meningioma/Tr-me_1249.jpg,3f176b81b6978f4ba31f8414f7169886e0f8774ff831551d58929832c593e5cd,4f578d20f03848bb1cde1d9929d1edbbe531d388920e3cb01d5ec8cfb43b7187,
Testing/meningioma/Te-me_270.jpg,meningioma,Testing,duplicate_decoded_pixels,Training/meningioma/Tr-me_1057.jpg,5ab5bc5e28a3587ddfd8561b8e78e74224eff95848411eb0405b39e5d516d34e,4df8f4a10bdf6f6316b02b50dd65dbbc616a477c473ba67d8937ddf3f681fc28,
Testing/meningioma/Te-me_274.jpg,meningioma,Testing,duplicate_decoded_pixels,Training/meningioma/Tr-me_1163.jpg,9d77e3a05ebb113dabfd559fb0840079b9fbd2d7ee52002f4dfccba75f2dbe71,3fdfd147d073187700255c56589ed1e356683fc370275ee4385fde12ea2b0039,
Testing/meningioma/Te-me_276.jpg,meningioma,Testing,duplicate_decoded_pixels,Training/meningioma/Tr-me_167.jpg,64d6885599aa04ff6a12e8f961437ba39c355f66f67beac2992daedcf2f6e20e,4a1bdd3008ffb1241de18d82ba27c3bb5cada7e914704091e4a719d169ea3913,
Testing/meningioma/Te-me_277.jpg,meningioma,Testing,duplicate_decoded_pixels,Training/meningioma/Tr-me_50.jpg,41bc0c7b4079d2fa8df7b97827a1d9fae68706e6c6457f43186d583da94c6df2,9c3abfafca86b333cb490c7da9da88a34ea52297b51bd0adfabe62d2cd467825,
Testing/meningioma/Te-me_278.jpg,meningioma,Testing,duplicate_decoded_pixels,Training/meningioma/Tr-me_479.jpg,efbb74c524ab95fae4c5ff626880c4a7f23d066111ff682ae04c32b5c422af13,1f643e9624ed470424e11851ac9ed0c46fbb07fa767212b19caa135397349ccc,
Testing/meningioma/Te-me_279.jpg,meningioma,Testing,duplicate_decoded_pixels,Training/meningioma/Tr-me_897.jpg,dd744532f6d754160bbcb4b1c72a140d4f63874222ef8785d22d0ac046271bc9,5e8e8a2a744479fa12e11d8569bfa8f1cadad28eaee4292d857fcafb94dd803a,
Testing/meningioma/Te-me_280.jpg,meningioma,Testing,duplicate_decoded_pixels,Training/meningioma/Tr-me_954.jpg,de382067b21e04f72300a7acbe0d7c1c4b2cca4a65153f9816155f0c7afb4dc2,940b8379129d9d05f087299c8d7525dfc2d3e54b5685a30cb8a6a0f53ea29871,
Testing/meningioma/Te-me_285.jpg,meningioma,Testing,duplicate_decoded_pixels,Training/meningioma/Tr-me_1289.jpg,125530a0b5968fe663f809962787246d3a5576167d38f493bcf82a97f4454779,2aa5ab910d712eb514cc6d746e1fb7a10b73d3ba33ea918baeab1b7f49034d1b,
Testing/meningioma/Te-me_288.jpg,meningioma,Testing,duplicate_decoded_pixels,Training/meningioma/Tr-me_980.jpg,c1a08f474188d182e6243e1a4655f9731307c63399e7ada68048c588dfb990ed,f04353932991f260c35e0abda0a00f50f19790c010c2e2e6a36e824e0a9eba99,
Testing/meningioma/Te-me_29.jpg,meningioma,Testing,duplicate_decoded_pixels,Training/meningioma/Tr-me_684.jpg,066502884d443971d71836da239f41751eefdbb164af957947ad82fa6f584944,46d92d90d40ec86c890c3c49bd2eb0187e6c6e07b78c35c6a869b3dd41f72b46,
Testing/meningioma/Te-me_290.jpg,meningioma,Testing,duplicate_decoded_pixels,Training/meningioma/Tr-me_597.jpg,c5ec0715901e8f65020aeb24537aa586c2b89574687d446b6cac805cfe2f85ab,5aa45da1f0a57886ad269b9232d1119be3451f2d60e0a253808065e5a4810ab6,
Testing/meningioma/Te-me_293.jpg,meningioma,Testing,duplicate_decoded_pixels,Training/meningioma/Tr-me_799.jpg,bf179c5981986242a58d0c3b3ddb9ec1a487e89979c9b8346d2412cc792b20d7,3725dec7140d974bf93f79090d04272bea67bc6db54edc9a17c9c09cbb502f86,
Testing/meningioma/Te-me_70.jpg,meningioma,Testing,duplicate_decoded_pixels,Testing/meningioma/Te-me_295.jpg,69c1c453795ef46d2c171bafe4d4af47b0f059026d3e231227668cd7c8928068,70a3a813e9de3fc350189e45ee5e535a11a856d361dbe1c05bf14580330e52a9,
Testing/meningioma/Te-me_296.jpg,meningioma,Testing,duplicate_decoded_pixels,Training/meningioma/Tr-me_145.jpg,664c8e8cd61fc28844149e95bf4c7b75bc9012d92869446f94d4dc8f8c7bece9,2f51cfcff2b025bc9ad5b1034a6d0c205d22b7f723d807a9449d41f7b563dad0,
Testing/meningioma/Te-me_30.jpg,meningioma,Testing,duplicate_decoded_pixels,Training/meningioma/Tr-me_109.jpg,f9c7519fa1b025afb6c7dcb3e7ac3807ab36ffaa535b8dbf72ed6b418303f486,eec672bd282baf961dfafdbbdd43dfe7de35d5286c8bfa8b734b8840a9f1e284,
Testing/meningioma/Te-me_31.jpg,meningioma,Testing,duplicate_decoded_pixels,Training/meningioma/Tr-me_1166.jpg,d92efa88092779d3c25197e69bdc238ff39cc37befc438b2a1a0f5cb5f1946d2,e3e637855823b82901c0c1eef46bc97eb6d787b3c17e119cdcca8e81bc875892,
Testing/meningioma/Te-me_37.jpg,meningioma,Testing,duplicate_decoded_pixels,Training/meningioma/Tr-me_1290.jpg,9dcd34c5328623dc7c0f06cbb7598017efbb3b6b59d3a70c099343922290de99,1addf4d84cbfd9d00f93db0d6a642d1ab69cf6ec3bc5accf33aa368448660ebe,
Testing/meningioma/Te-me_39.jpg,meningioma,Testing,duplicate_decoded_pixels,Training/meningioma/Tr-me_1225.jpg,deb3cf8255416bd3f24f48f7159965f9e48b5b346e5b22a41b11f8a7f22edec7,65c9d394acb8b05631c552de288319f6843e9146b91ba4a208370e73af43e5cd,
Testing/meningioma/Te-me_4.jpg,meningioma,Testing,duplicate_decoded_pixels,Training/meningioma/Tr-me_1286.jpg,790486755f0d3a02e2de284d3b28d5c238080836afad61cfbd60b8b8bf9820d8,dcb682804a71589539afd01bccc6f6464064aa7905e786ebcce38df1c86518cb,
Testing/meningioma/Te-me_42.jpg,meningioma,Testing,duplicate_decoded_pixels,Training/meningioma/Tr-me_1110.jpg,19f85781d3642a0c0a9d3831265070195500ff2f41feb84cf72bb87b12060e7e,61957d10b4dec8dc21872300b4f4c214b24ff8aa3d1d23e3680ddbbc0ffd4b60,
Testing/meningioma/Te-me_49.jpg,meningioma,Testing,duplicate_decoded_pixels,Training/meningioma/Tr-me_424.jpg,1940c7f8e7f72ab5b9e674953238fcb4b63ccf6d3d320661e57511070655b5aa,418e525932e272830dc844501e4614359181f16d69116f43688e8b4a90b2f3bd,
Testing/meningioma/Te-me_5.jpg,meningioma,Testing,duplicate_decoded_pixels,Training/meningioma/Tr-me_1083.jpg,56cf9f66248d14af34d23eaa420b0c509a94f19c63b1937f8bf63f92cca301f5,77e30aaf0b6c66d5a062f0dadd20e432d56c3558bfec7b3e810888927784e2a1,
Testing/meningioma/Te-me_50.jpg,meningioma,Testing,duplicate_decoded_pixels,Training/meningioma/Tr-me_468.jpg,189c6dfd75947dadad4abd3daff45ce9d5b1909c9eea812d796eca85896f39e2,90d5f2b25738c07090b80d647367595e010a9f7b5f371e0a7cc8f4ee486db917,
Testing/meningioma/Te-me_52.jpg,meningioma,Testing,duplicate_decoded_pixels,Training/meningioma/Tr-me_154.jpg,96d13f31ce2855d42059c938bca3fbe684753e76f98c67d0d9aaae0e8d0fbd90,f3ebe52f0e30fdae8608f5ad77eed8f70952685d092812c7107ad99a88961c05,
Testing/meningioma/Te-me_54.jpg,meningioma,Testing,duplicate_decoded_pixels,Training/meningioma/Tr-me_200.jpg,4b341616b6b9a8c0060988aa8174ee101aca4f96ae8007a2df0137ff2c33d5dd,2b8ef23e99baa3cd7fcd1f480cb2eb3a541906179823ce5b12bcad8700df1521,
Testing/meningioma/Te-me_61.jpg,meningioma,Testing,duplicate_decoded_pixels,Training/meningioma/Tr-me_714.jpg,b8a42737f41cb71d02cc8f6ea840c15f91ec938639d089be773149eb7cd878a6,ec83f695c39e72ab3f21d47c06c23e444bbac94962dc15c41ff03ffc96dcf7d8,
Testing/meningioma/Te-me_62.jpg,meningioma,Testing,duplicate_decoded_pixels,Training/meningioma/Tr-me_678.jpg,4061e76d26b82a92d71bd6440dad3bb875b36fc8443f6d48c1e33d16f6658729,44a8c2ee0c074bd7385bf98d78f5923f4e96d28381f86d1c33306a10daebd664,
Testing/meningioma/Te-me_66.jpg,meningioma,Testing,duplicate_decoded_pixels,Training/meningioma/Tr-me_1198.jpg,535e5fd3284fb948f3b07147480899b2df00c0705e3ff3e5808d96bd30be2057,0c1b6d63e1b12089276436f856685fef0c080e0fd9b61c4e494af41c3217916f,
Testing/meningioma/Te-me_71.jpg,meningioma,Testing,duplicate_decoded_pixels,Training/meningioma/Tr-me_1168.jpg,b576353f83cb34f2c43fc58122209388e2a12e64864e9b967d496ff79bb10927,f4f58bd7dd12894c0bd8f5f8953d46a6d966713d1173d11295824382bda948bf,
Testing/meningioma/Te-me_75.jpg,meningioma,Testing,duplicate_decoded_pixels,Training/meningioma/Tr-me_717.jpg,49938c1a7f37ea232898c06615f57fef3e9a8a464c93a20206394a1aa2360e46,d4a3503582daec0754d0c631efc3883f24ae9fa583e5505efa4c4ad411e8bf79,
Testing/meningioma/Te-me_8.jpg,meningioma,Testing,duplicate_decoded_pixels,Training/meningioma/Tr-me_486.jpg,65a902fcdd43caafbfd32f996cda5eb70f49870ae04b457e63b4e12149168225,578fa03e8cd76a888219e5479084df68d9b44360ceaa082e26d9901e20669c8d,
Testing/meningioma/Te-me_81.jpg,meningioma,Testing,duplicate_decoded_pixels,Training/meningioma/Tr-me_740.jpg,36f571bbd7db967e68e0e0bddba8f81ee825221e166dad668c8323c557129f9b,06756e265973fbc513a472b56cdda634007c8ed784aebcf3a84555a85193b8f4,
Testing/meningioma/Te-me_82.jpg,meningioma,Testing,duplicate_decoded_pixels,Training/meningioma/Tr-me_583.jpg,59d5ca6397cbfb618d05b0e240b138fb61c3f3832b6a70b3f7b9a96806ef4582,f2ebf0b44e7990d4e6ddd831d6fb25187fd82e3e5c24a1c8eeffc7dcff54f2ea,
Testing/meningioma/Te-me_83.jpg,meningioma,Testing,duplicate_decoded_pixels,Training/meningioma/Tr-me_905.jpg,ca02d2e726540598237ff366f8a9d4078f5f045bc85b2a996c8c044228fb8cf7,89a22a4c3b683eed0d2266874d25fe6c07602d32de05f4d972138838bad54956,
Testing/meningioma/Te-me_86.jpg,meningioma,Testing,duplicate_decoded_pixels,Training/meningioma/Tr-me_1121.jpg,2c9f7f2d80eac2f53f5a58d8a45f5e29aa942b5f9899dffa56592aeec66c3975,1d1d95ee9f7c6f40191721e62972de0adfe4dd86bd022bde1e484f1a9a0b98ea,
Testing/meningioma/Te-me_9.jpg,meningioma,Testing,duplicate_decoded_pixels,Training/meningioma/Tr-me_715.jpg,6ad191b6525adf85064c08ec3ab520ca7fc28acb73bd31781d54d8e03315e139,6048f2993e625bf41643c937df54ea51dc1e9dc6277dd02e7a3e4ecc0fb975cf,
Testing/meningioma/Te-me_93.jpg,meningioma,Testing,duplicate_decoded_pixels,Training/meningioma/Tr-me_131.jpg,52f5ab2cd9062f8345c03115db0773650ebae255d3f2c8561a9f2336cabbb5a8,ba09e1b46dd835aea9cf9d335b8bdfb815a2d3791c2f3b12a8991847960bf3c9,
Testing/meningioma/Te-me_94.jpg,meningioma,Testing,duplicate_decoded_pixels,Training/meningioma/Tr-me_946.jpg,7912b475d4fe70819a6982a63f4487ade1f9ea600b1bdf99c60c1019facd9e02,1089b7475003c72129ba9dfe59bd3a9bdc0819750f0e32c711dd27a0487fa715,
Testing/meningioma/Te-me_95.jpg,meningioma,Testing,duplicate_decoded_pixels,Training/meningioma/Tr-me_1091.jpg,8e3337290795e87f60d3aae62e5dc24891c709967907fb85545364a8682a368b,ed6dda69f5706c03cf44f5ae0fc624666ca0b1cc59b47ae13630569a1410cf09,
Testing/meningioma/Te-me_96.jpg,meningioma,Testing,duplicate_decoded_pixels,Training/meningioma/Tr-me_458.jpg,ba6bb4c25be87a339ccfda7a83e3d3018a19a9f2d7d53321c9dcf7a41d7134ee,bdb162dcdf0f1ae8cc77ccad72858d8031ae3aaee99f23fd64a307fbace8569b,
Testing/notumor/Te-no_121.jpg,notumor,Testing,duplicate_decoded_pixels,Training/notumor/Tr-no_832.jpg,0ac00682257258ee21f7c81af7bc22efbbbb4385e67e4d005f2000ad3b85561b,9cf240d44371c5e2a205ec330bab3f3fe8e53803ec2763220255276f6c31e627,
Testing/notumor/Te-no_150.jpg,notumor,Testing,duplicate_decoded_pixels,Training/notumor/Tr-no_247.jpg,82a16900fbf15df713cae2a5d2c941f846c62322cc04ed7d01c313aada509c0f,61a8613c67f820370d8cd2a26ca75cb9f26ed8b0d2dc63a549446ec90ab43e1d,
Testing/notumor/Te-no_159.jpg,notumor,Testing,duplicate_decoded_pixels,Training/notumor/Tr-no_970.jpg,8a5052ac55d7ffc4175768aeda33c7178bcbf0015e9e44c901d40ac9660f6fd6,d484e2e44507cbb791b3c1c52307ff4b5af6d3b3d6ba0e482ec50f9386428ce4,
Testing/notumor/Te-no_167.jpg,notumor,Testing,duplicate_decoded_pixels,Training/notumor/Tr-no_147.jpg,3a4344d358c8faf37824a990ee88b70b6af511ac1925c3d96a831dc579d620db,68716e9f429ae78c576ac89f0f9fdb7d0edd8cb8639e1d4e6afc80723378be18,
Testing/notumor/Te-no_194.jpg,notumor,Testing,duplicate_decoded_pixels,Training/notumor/Tr-no_1004.jpg,eaf5b3298bb7bd6f729b87c54e69eea87626d55f5853cba81ce2b7a537c4b344,7519964abb206d558edd5c3bbd4fc369dc12698e002f7bd03f28774c8321ff13,
Testing/notumor/Te-no_315.jpg,notumor,Testing,duplicate_decoded_pixels,Training/notumor/Tr-no_760.jpg,6d8670086cd3782e77ddb604d6f5803400640420236b3af98f3874ee86e7b476,aa0c51d3e2400c68e52e6209767e32ae4d02c07d77c4947632fcdd70d59051e5,
Testing/notumor/Te-no_365.jpg,notumor,Testing,duplicate_decoded_pixels,Training/notumor/Tr-no_362.jpg,4c557fefde640a1a8d578beff11021e893bdee3817bd99456ad60e4f1d7b6c49,22c8ef4556673442f5b6a62f391868baec28837da02a0bd2a01f3d4f48e85464,
Testing/notumor/Te-no_77.jpg,notumor,Testing,duplicate_decoded_pixels,Training/notumor/Tr-no_1096.jpg,3897062aac96a4bd1b6b9c1c834eee1358a8277ff7f0f7397dd6e6ba9cbdb46c,1cd728b72cef1652a955e5f291a6f9d9524579a38741cad8a2b5b571d3d0592f,
Testing/notumor/Te-no_92.jpg,notumor,Testing,duplicate_decoded_pixels,Training/notumor/Tr-no_1319.jpg,7a3fac9104743aa9ecd56374dafb71c6b8084ace9b13e4cb7b881f198a4bb479,b3e56dac559547fb5af65902dc60e5e009140b2fafb7d85048c82396c480e7ec,
Training/meningioma/Tr-me_219.jpg,meningioma,Training,duplicate_decoded_pixels,Training/meningioma/Tr-me_1094.jpg,451f339dbf4d33864e0dd8940f533bbeddda6492cf60bb15615342bd467cc721,fa60abbf779135b89cd3dd5371c4a9baab602a735b1c6b66f4c8b9e88957b14d,
Training/meningioma/Tr-me_836.jpg,meningioma,Training,duplicate_decoded_pixels,Training/meningioma/Tr-me_1101.jpg,09b9031e30e757eb6e648686f0ca412357e86895ebbc52d300d2d0a9305fd417,bdce501d7bf6708be1f686e739c880792e8f7b372741171f906ad076f4fc2ce2,
Training/notumor/Tr-no_105.jpg,notumor,Training,duplicate_decoded_pixels,Training/notumor/Tr-no_1000.jpg,aa66d8e967787f1f68a537f5300e72131b53cc4706620d41e67f74b1eb53d931,9b8b2bc3bf96a5d50203f02f2fc4560fb6852811751d806bf1c75548c7b56d53,
Training/notumor/Tr-no_1339.jpg,notumor,Training,duplicate_decoded_pixels,Training/notumor/Tr-no_1015.jpg,de08225737a2a8a8ddda2e0684baa925356b9c0fe77585f2992a0980398c2d07,0b9b65aae6ef8be2849b8e3462a4e8092e936e445729a8d52ec3e617ed2ff407,
Training/notumor/Tr-no_819.jpg,notumor,Training,duplicate_decoded_pixels,Training/notumor/Tr-no_1016.jpg,9a1a7d12c935c0029511710dba377c2d37ecf4924ec19c1644b6116b48c33610,75bfcdaf382243043b366706a72bf2d1f90d828d5c11886db4a3e1d76dd6d803,
Training/notumor/Tr-no_503.jpg,notumor,Training,duplicate_decoded_pixels,Training/notumor/Tr-no_1021.jpg,14963471b7c2744df51c1da54f4e519cecc34aa12944f1968620da1d36d2c5c2,12729d96beec9cd10451506925688c6a131cbaaed79b4bcfa3a5ed448ed07596,
Training/notumor/Tr-no_400.jpg,notumor,Training,duplicate_decoded_pixels,Training/notumor/Tr-no_1023.jpg,5a66211168e2f92209f3aee80fe618a1555144bada16fdc2035d1780321c02cf,d959681fe88cad39fa7f28b85909bd28ae6f6002d74d426d948c45da8ac92611,
Training/notumor/Tr-no_1385.jpg,notumor,Training,duplicate_decoded_pixels,Training/notumor/Tr-no_1039.jpg,dc811fda9f7bc3506f21d4094da84c5e3a81d3878b28967b830536fda342a33e,e5899ecc06cb344d0b35f6c12122baa397a468580479dc12b8f1dfac1c757c52,
Training/notumor/Tr-no_600.jpg,notumor,Training,duplicate_decoded_pixels,Training/notumor/Tr-no_1039.jpg,dc811fda9f7bc3506f21d4094da84c5e3a81d3878b28967b830536fda342a33e,e5899ecc06cb344d0b35f6c12122baa397a468580479dc12b8f1dfac1c757c52,
Training/notumor/Tr-no_454.jpg,notumor,Training,duplicate_decoded_pixels,Training/notumor/Tr-no_1046.jpg,05ec18666c6b751b8845a93824ea25c9bb251606b71f76c0c3875d69e973f72d,492378b2c73000311c1135c5b82760ed9959ff049de39551a0d1b4b094e20fe3,
Training/notumor/Tr-no_1158.jpg,notumor,Training,duplicate_decoded_pixels,Training/notumor/Tr-no_1051.jpg,fd701e8cdd7a47b2b7198334e09d7947edf3d2efdd68b73b8d47282256f9f475,ef6fe7be9712458df885a254558bc7111c1c14e16f311f8736ceeb149982039e,
Training/notumor/Tr-no_330.jpg,notumor,Training,duplicate_decoded_pixels,Training/notumor/Tr-no_1051.jpg,fd701e8cdd7a47b2b7198334e09d7947edf3d2efdd68b73b8d47282256f9f475,ef6fe7be9712458df885a254558bc7111c1c14e16f311f8736ceeb149982039e,
Training/notumor/Tr-no_1134.jpg,notumor,Training,duplicate_decoded_pixels,Training/notumor/Tr-no_1061.jpg,a3d86920c0bc02e0c062091ab21078a4387ed519b881c89568ab969d3dc37d33,6f7638b6c9adce759e63f6c079bd9fc1f801b130a7d65e006b90c627eb063055,
Training/notumor/Tr-no_109.jpg,notumor,Training,duplicate_decoded_pixels,Training/notumor/Tr-no_1062.jpg,72f5f6723c7b92f641fb5d44513b6111c348e43005f8c1f4829f28eebd1117b2,77746a392f91d8544c7c750a1d124a4fb9d32736cfbacb6e98cdcd9a57948e41,
Training/notumor/Tr-no_1183.jpg,notumor,Training,duplicate_decoded_pixels,Training/notumor/Tr-no_1062.jpg,72f5f6723c7b92f641fb5d44513b6111c348e43005f8c1f4829f28eebd1117b2,77746a392f91d8544c7c750a1d124a4fb9d32736cfbacb6e98cdcd9a57948e41,
Training/notumor/Tr-no_371.jpg,notumor,Training,duplicate_decoded_pixels,Training/notumor/Tr-no_1062.jpg,72f5f6723c7b92f641fb5d44513b6111c348e43005f8c1f4829f28eebd1117b2,77746a392f91d8544c7c750a1d124a4fb9d32736cfbacb6e98cdcd9a57948e41,
Training/notumor/Tr-no_5.jpg,notumor,Training,duplicate_decoded_pixels,Training/notumor/Tr-no_1062.jpg,c1bf41ddb56396fd0e74b2eb7212c96a6a915ee86737c060c9db8e1439ff0390,77746a392f91d8544c7c750a1d124a4fb9d32736cfbacb6e98cdcd9a57948e41,
Training/notumor/Tr-no_693.jpg,notumor,Training,duplicate_decoded_pixels,Training/notumor/Tr-no_1062.jpg,c1bf41ddb56396fd0e74b2eb7212c96a6a915ee86737c060c9db8e1439ff0390,77746a392f91d8544c7c750a1d124a4fb9d32736cfbacb6e98cdcd9a57948e41,
Training/notumor/Tr-no_864.jpg,notumor,Training,duplicate_decoded_pixels,Training/notumor/Tr-no_1063.jpg,d22f76ae6780bc947ddeb36446b3bb97bfcc5ada33b8db69753949c9d214111a,21f814ab480f3fac358e01e8b889e7b40bf7f0de23eae9f633665864b4a50284,
Training/notumor/Tr-no_412.jpg,notumor,Training,duplicate_decoded_pixels,Training/notumor/Tr-no_1070.jpg,f3ce33b26a3784299fc2bc72215752b531bb1ff11e9b65dc39376039f8809f64,b262600d977af42e4bd76bc9ef74a23851709bfa27b77c96ac1ddfd902159353,
Training/notumor/Tr-no_1400.jpg,notumor,Training,duplicate_decoded_pixels,Training/notumor/Tr-no_1077.jpg,2cd1096a6415c70403948e7aaac0694451619850a4ce545b4f9134b06401248b,8308ba4d5d49d850dc63531cda5e2c10f9a1a1900661cc12fd6668a92ab1f8fe,
Training/notumor/Tr-no_129.jpg,notumor,Training,duplicate_decoded_pixels,Training/notumor/Tr-no_1079.jpg,43c7fb765b0d878dca03cd26cb414b56a2e3280ce2510f3a84dac11003bbd0a0,ff32195a9ec85f69d866bbba0d6af54538c008402fcfada14594f92a4d5951ec,
Training/notumor/Tr-no_62.jpg,notumor,Training,duplicate_decoded_pixels,Training/notumor/Tr-no_1079.jpg,43c7fb765b0d878dca03cd26cb414b56a2e3280ce2510f3a84dac11003bbd0a0,ff32195a9ec85f69d866bbba0d6af54538c008402fcfada14594f92a4d5951ec,
Training/notumor/Tr-no_217.jpg,notumor,Training,duplicate_decoded_pixels,Training/notumor/Tr-no_1083.jpg,ae511b11b26309a2e60432852cb26d6b019057fc2aab35867badf8af04daa3b6,8e9597826e0a05d21d5ba8e6002edc57db0d7f1cc64ae1e0adcd0bd42ca90efe,
Training/notumor/Tr-no_692.jpg,notumor,Training,duplicate_decoded_pixels,Training/notumor/Tr-no_1085.jpg,2ad6ffff97ce8cbfd5d4785955ea16a6ccf7090eb67a8015e47cd8902571b827,0ce27b19fd7b471fc50518c2161ed252e1c78415a1eb62aa0dab1ed7a6566f9a,
Training/notumor/Tr-no_767.jpg,notumor,Training,duplicate_decoded_pixels,Training/notumor/Tr-no_1085.jpg,2ad6ffff97ce8cbfd5d4785955ea16a6ccf7090eb67a8015e47cd8902571b827,0ce27b19fd7b471fc50518c2161ed252e1c78415a1eb62aa0dab1ed7a6566f9a,
Training/notumor/Tr-no_98.jpg,notumor,Training,duplicate_decoded_pixels,Training/notumor/Tr-no_1085.jpg,2ad6ffff97ce8cbfd5d4785955ea16a6ccf7090eb67a8015e47cd8902571b827,0ce27b19fd7b471fc50518c2161ed252e1c78415a1eb62aa0dab1ed7a6566f9a,
Training/notumor/Tr-no_69.jpg,notumor,Training,duplicate_decoded_pixels,Training/notumor/Tr-no_1095.jpg,db13da94073aaa03960e97acb4ab41019e4be57c88c8b708e66791696f4bc4b9,c779779258d7cbc4465cd250b15a5c37d80305eb14e7abdf477257751d91f1f7,
Training/notumor/Tr-no_569.jpg,notumor,Training,duplicate_decoded_pixels,Training/notumor/Tr-no_1105.jpg,d56567916b5975d9f260f61a4cad99040696bd105293112af3d703c4bec42feb,de2c437cdeaadd2c22bd82ee75a61b802658e49ce54a5ed608bc6fb1dbcd24ce,
Training/notumor/Tr-no_1380.jpg,notumor,Training,duplicate_decoded_pixels,Training/notumor/Tr-no_1109.jpg,537e7ad0a496f23042626741b362e936fc711da2aa25d4c5ce628d03bf4109cb,69e31e7c78469cf5bc29f1d80cc1a0c5bcbff97cc4943794588d07ed12e17cc9,
Training/notumor/Tr-no_1178.jpg,notumor,Training,duplicate_decoded_pixels,Training/notumor/Tr-no_112.jpg,2ed15a662d8dcdf6077f3bf8bb4d21722e2a3b90ff2cf194db18b75933a4d322,4e963bebf71df17cb99375ff88804766fc465f34f0581577f1ed8a416165920e,
Training/notumor/Tr-no_1265.jpg,notumor,Training,duplicate_decoded_pixels,Training/notumor/Tr-no_112.jpg,2ed15a662d8dcdf6077f3bf8bb4d21722e2a3b90ff2cf194db18b75933a4d322,4e963bebf71df17cb99375ff88804766fc465f34f0581577f1ed8a416165920e,
Training/notumor/Tr-no_308.jpg,notumor,Training,duplicate_decoded_pixels,Training/notumor/Tr-no_112.jpg,2ed15a662d8dcdf6077f3bf8bb4d21722e2a3b90ff2cf194db18b75933a4d322,4e963bebf71df17cb99375ff88804766fc465f34f0581577f1ed8a416165920e,
Training/notumor/Tr-no_494.jpg,notumor,Training,duplicate_decoded_pixels,Training/notumor/Tr-no_112.jpg,2ed15a662d8dcdf6077f3bf8bb4d21722e2a3b90ff2cf194db18b75933a4d322,4e963bebf71df17cb99375ff88804766fc465f34f0581577f1ed8a416165920e,
Training/notumor/Tr-no_564.jpg,notumor,Training,duplicate_decoded_pixels,Training/notumor/Tr-no_1126.jpg,3a34904d65c8cc7579373460050623901047e49eec67a5d635390374c5b48634,3de740e593c5d5f4ebee88f13001a4a60df2602790e08cb9c36fed0755d11789,
Training/notumor/Tr-no_749.jpg,notumor,Training,duplicate_decoded_pixels,Training/notumor/Tr-no_1140.jpg,ca5a51914cad005d72af57fa6c9142fc9d650ca06ba23f3e839991c3fa4c8b36,455027499aae1de46c7f82049a2d701c332475e81ace0aa8829ee8076b999cab,
Training/notumor/Tr-no_931.jpg,notumor,Training,duplicate_decoded_pixels,Training/notumor/Tr-no_1140.jpg,ca5a51914cad005d72af57fa6c9142fc9d650ca06ba23f3e839991c3fa4c8b36,455027499aae1de46c7f82049a2d701c332475e81ace0aa8829ee8076b999cab,
Training/notumor/Tr-no_1234.jpg,notumor,Training,duplicate_decoded_pixels,Training/notumor/Tr-no_1145.jpg,e9a63334af63a2ec8cab2149ec091466c60df5fe115cf36cc30c9304dacbb376,5749b7f01ff76c50710202a18a32e5843e1ab27e709deb8683f7402011bfef6a,
Training/notumor/Tr-no_430.jpg,notumor,Training,duplicate_decoded_pixels,Training/notumor/Tr-no_1145.jpg,e9a63334af63a2ec8cab2149ec091466c60df5fe115cf36cc30c9304dacbb376,5749b7f01ff76c50710202a18a32e5843e1ab27e709deb8683f7402011bfef6a,
Training/notumor/Tr-no_1188.jpg,notumor,Training,duplicate_decoded_pixels,Training/notumor/Tr-no_115.jpg,73a882655ceb0a5b8d3f4beea54d9ab58aa36e1021e7807dbb1c72617d4dfecc,98adab0385443ff20737a5db3a73571e643bf63f239954b9462b7458a2cef8d6,
Training/notumor/Tr-no_1235.jpg,notumor,Training,duplicate_decoded_pixels,Training/notumor/Tr-no_1154.jpg,25dbc9664f03a7af82b74aec6c5497cd94dc5f6f639907656725d0ac88cfd111,c88edd7bd148d6430cc469a79b07c6f0fab91031e75d962bbc96b65fdb1b113e,
Training/notumor/Tr-no_1360.jpg,notumor,Training,duplicate_decoded_pixels,Training/notumor/Tr-no_1154.jpg,25dbc9664f03a7af82b74aec6c5497cd94dc5f6f639907656725d0ac88cfd111,c88edd7bd148d6430cc469a79b07c6f0fab91031e75d962bbc96b65fdb1b113e,
Training/notumor/Tr-no_854.jpg,notumor,Training,duplicate_decoded_pixels,Training/notumor/Tr-no_1154.jpg,25dbc9664f03a7af82b74aec6c5497cd94dc5f6f639907656725d0ac88cfd111,c88edd7bd148d6430cc469a79b07c6f0fab91031e75d962bbc96b65fdb1b113e,
Training/notumor/Tr-no_121.jpg,notumor,Training,duplicate_decoded_pixels,Training/notumor/Tr-no_116.jpg,cc336bb30a64c66a0897e048331ca9818b553b8d0c313ed4980971c5b8ea1b46,d02ded001af670325db0a35e5506b74fe6c4e3c1624efcf73bbc96af21c2d06f,
Training/notumor/Tr-no_594.jpg,notumor,Training,duplicate_decoded_pixels,Training/notumor/Tr-no_1169.jpg,917104b021c0753870d708b6f50260397d6b8c0c1eaed6ab598635d014d2a1b6,39dfbd6569af4ae03de114cccf41df5f5a4543d751723290216618204a6959b7,
Training/notumor/Tr-no_1320.jpg,notumor,Training,duplicate_decoded_pixels,Training/notumor/Tr-no_1179.jpg,7a7fcfb55378e4367cb3f163dc510df7e4b5f95d8fee5e4407b6ef397d56e243,e578a906040f659ac72c8e98820bc65a058fbfafc91ffdd21bd6f23c1b1eb3ab,
Training/notumor/Tr-no_677.jpg,notumor,Training,duplicate_decoded_pixels,Training/notumor/Tr-no_1180.jpg,a8d8bd68e37588a5be079ea92de410d9097988aea40552f6fd08ca44a7dd6c74,db548b4f8d719a49443c151c63c7bf201db7ed43ebfa5a9df844b52f4b7f5587,
Training/notumor/Tr-no_420.jpg,notumor,Training,duplicate_decoded_pixels,Training/notumor/Tr-no_1187.jpg,88aba8f5a882187bc3df678f2b3a88c6c59cec1c01fb732e5671a5ffb6a494d7,74fded5f1ab255a6101353f6557714644d84e03d8d759fbdbe3b19f47a096505,
Training/notumor/Tr-no_44.jpg,notumor,Training,duplicate_decoded_pixels,Training/notumor/Tr-no_1190.jpg,fe20d08e5475898e9b66661cddbe32d6d006438e57c36cd87be27b8dd9c0676d,faefee3e5fc64c96a3ed02d1e29a1fb2de5e33ee97fe7def68d3a06d2eb5b609,
Training/notumor/Tr-no_1253.jpg,notumor,Training,duplicate_decoded_pixels,Training/notumor/Tr-no_1194.jpg,9cb0bd6ba354991ae933b55af58ca040f3b8db01add876aba09159d7badd3599,a189cad0ee2caaca71e76853ba854047113985d5ccd1e809a78083c8aa067989,
Training/notumor/Tr-no_154.jpg,notumor,Training,duplicate_decoded_pixels,Training/notumor/Tr-no_1203.jpg,840e12a9d0fc509d61fab11db74d1716234312bd96939b632e19b8f102ace3cf,c8c0284de51681ea673af4c7cbdf5204f17b60e3ddcad0cd7216c1438ac1d761,
Training/notumor/Tr-no_725.jpg,notumor,Training,duplicate_decoded_pixels,Training/notumor/Tr-no_1203.jpg,840e12a9d0fc509d61fab11db74d1716234312bd96939b632e19b8f102ace3cf,c8c0284de51681ea673af4c7cbdf5204f17b60e3ddcad0cd7216c1438ac1d761,
Training/notumor/Tr-no_639.jpg,notumor,Training,duplicate_decoded_pixels,Training/notumor/Tr-no_1205.jpg,f64c5b137db85b27a8d909dd0f0cdf9bcda986bae8ff2bd8491b25e45615c7b2,699638aa2cdbc6800f4132333f12d5bdf085fe8a16ff14b0952cda46ea517631,
Training/notumor/Tr-no_410.jpg,notumor,Training,duplicate_decoded_pixels,Training/notumor/Tr-no_1208.jpg,7d5fb3078f6ed56884ebf8c14928f4e8e05ffd2065cf1b5f4b23cd6dfa3f49ef,3c53455c9859003a77950f16681b42e4ece2626bd18d7ffab53f76e62b95aa77,
Training/notumor/Tr-no_990.jpg,notumor,Training,duplicate_decoded_pixels,Training/notumor/Tr-no_1240.jpg,49db0659a53802695ac4af817cff544f8034e7c9883a6751e0e321c86337f86a,bd98300ff417454afb5b60169ebe1c9853255c938c3b437798027755dfbc125d,
Training/notumor/Tr-no_1392.jpg,notumor,Training,duplicate_decoded_pixels,Training/notumor/Tr-no_1244.jpg,17bd1588f84aafbccb846c974ae1f24cef5ce6f0fc0f32a4417af50bfe9f52cd,46f73a14892c2b0532b2c399bca9d0fe98b82647307cfe399128629d5151f949,
Training/notumor/Tr-no_781.jpg,notumor,Training,duplicate_decoded_pixels,Training/notumor/Tr-no_1244.jpg,17bd1588f84aafbccb846c974ae1f24cef5ce6f0fc0f32a4417af50bfe9f52cd,46f73a14892c2b0532b2c399bca9d0fe98b82647307cfe399128629d5151f949,
Training/notumor/Tr-no_133.jpg,notumor,Training,duplicate_decoded_pixels,Training/notumor/Tr-no_1245.jpg,b396caa83da170f384de32368fd40ab0fbb00232e12fd2b463eddff69741af44,047843aaba72c5fc595c9fc75ff795330757d814ea1e403a7b0307b53b1d8a4d,
Training/notumor/Tr-no_606.jpg,notumor,Training,duplicate_decoded_pixels,Training/notumor/Tr-no_1261.jpg,f90baa21f7026f0f5c8595cb4c58a728618b80c679b18dbb42f4e77420262ac5,5296c13cc98bcd86e74c5b4b838d06732d4a05da709afa0bed239b918b522f20,
Training/notumor/Tr-no_380.jpg,notumor,Training,duplicate_decoded_pixels,Training/notumor/Tr-no_1267.jpg,1e1a27e88f2812b4b950fca09bf5f4b8fe20514826756ac69b37b43c0c73214b,fb48703a2b2a09485f9ed77e086468ff21bd3076c3bfda4f513f2118e1ba1880,
Training/notumor/Tr-no_387.jpg,notumor,Training,duplicate_decoded_pixels,Training/notumor/Tr-no_1267.jpg,1e1a27e88f2812b4b950fca09bf5f4b8fe20514826756ac69b37b43c0c73214b,fb48703a2b2a09485f9ed77e086468ff21bd3076c3bfda4f513f2118e1ba1880,
Training/notumor/Tr-no_911.jpg,notumor,Training,duplicate_decoded_pixels,Training/notumor/Tr-no_1274.jpg,a3b52d8a675f4344381842cea58e6966d3a9bd4fff0e77685c0656b1838cce9e,640198c1add645953f114d3d150beabc96ae85bc28c266caf62be7c9192d4707,
Training/notumor/Tr-no_550.jpg,notumor,Training,duplicate_decoded_pixels,Training/notumor/Tr-no_1281.jpg,1760da4ac516c8564bf06bc349176a1463dbb49f4de7b6d0b986ff015b96bd62,6e215a7cfc693cd56c0b788f90282f9adaa80da22674257fc8c78d2ed7763eba,
Training/notumor/Tr-no_831.jpg,notumor,Training,duplicate_decoded_pixels,Training/notumor/Tr-no_1288.jpg,2779f5d9e97ff8a2283e34ab88a7e6de22c561367944758e2796f427fd2dddd9,57f3ab040ab67c206fc5624461394e031bb7a18942e03e35d0cf1756ce9f0a67,
Training/notumor/Tr-no_863.jpg,notumor,Training,duplicate_decoded_pixels,Training/notumor/Tr-no_1288.jpg,2779f5d9e97ff8a2283e34ab88a7e6de22c561367944758e2796f427fd2dddd9,57f3ab040ab67c206fc5624461394e031bb7a18942e03e35d0cf1756ce9f0a67,
Training/notumor/Tr-no_156.jpg,notumor,Training,duplicate_decoded_pixels,Training/notumor/Tr-no_1289.jpg,84acb850a9c5348cd00623122246c83dffd727e007aedc1d484e39d06e784c6f,7f1b3a22c0ca600f122168e0a1f51f82aac227309fbee3370598aeff356b9431,
Training/notumor/Tr-no_281.jpg,notumor,Training,duplicate_decoded_pixels,Training/notumor/Tr-no_1290.jpg,ef5addab9afd41d9a24d73711092b35f1610683975b03f80bff9d48d144970ef,1424455a5900547d43e03ac90dc723547f3a4fa4d9cdf1406ef54ad7dae18df1,
Training/notumor/Tr-no_490.jpg,notumor,Training,duplicate_decoded_pixels,Training/notumor/Tr-no_1291.jpg,ce8380b51fcf1dbb1347069191fbeabf20712e1b0673efc65c08c87c70b1a1af,b83f8ae2a45c57138627eb8012e7269f4f08e96a9e612461847c3a8545aba6f1,
Training/notumor/Tr-no_275.jpg,notumor,Training,duplicate_decoded_pixels,Training/notumor/Tr-no_1295.jpg,255a288c72a0761a522e99142d6f1a7e820769eebeeae585bf42a733db0e7b7a,e3bf05c1c524b523a48fda0d7179175bd2d7ac336ff2a33c44b267af1423213b,
Training/notumor/Tr-no_341.jpg,notumor,Training,duplicate_decoded_pixels,Training/notumor/Tr-no_1302.jpg,e22f980ae6f8f79a1fd96c0e2711d06767493d2d7c19d885fd89f6207702c3f3,76c0e4c9028cd72865ee46427e4ca9f4e90851accedde116635fa81146034488,
Training/notumor/Tr-no_699.jpg,notumor,Training,duplicate_decoded_pixels,Training/notumor/Tr-no_1309.jpg,7c103b082c141631e8475390a8b06ef7ef0cfba10e61cf2d4ce9dd1e2b08dfb0,b1552002030a00f90397b385bca04f4dced4105a1b016ab2fafb3ca022826286,
Training/notumor/Tr-no_475.jpg,notumor,Training,duplicate_decoded_pixels,Training/notumor/Tr-no_1316.jpg,b7c27d5f1a82137601cc7630779fe2aa120bd9cfd9ddf3a2607c86255de7c9f0,50096758fed3775f7b885197f81b66b556e4e0fc9289dcb9ce2012fb908f27d6,
Training/notumor/Tr-no_411.jpg,notumor,Training,duplicate_decoded_pixels,Training/notumor/Tr-no_1326.jpg,c5482c04ad0af03abc08de261901fdaa6811a99ca11a270e8dc89c550e3ccdfa,6828671dc53933c431b78cec411eb02b3155eb484c34cfc1d78bd505ea23b1bc,
Training/notumor/Tr-no_825.jpg,notumor,Training,duplicate_decoded_pixels,Training/notumor/Tr-no_1330.jpg,1180fefcd5ba2a8f43c541c3158c3d6b3edb8309eab8dc9c61f109d10d5b5050,5e0b049d754478d7becf2ee4e525f6e5dbae1be09278d001e087bf926e7a0e42,
Training/notumor/Tr-no_273.jpg,notumor,Training,duplicate_decoded_pixels,Training/notumor/Tr-no_1333.jpg,682871b3c7250e0c56b28688840ac15101ec847a891e0b2d2cb72f0436ff8073,f9ccc17f17d9901e511ab89015fbe1f8a4defe3a3aa9a523a367b2f2179feb53,
Training/notumor/Tr-no_235.jpg,notumor,Training,duplicate_decoded_pixels,Training/notumor/Tr-no_1334.jpg,95ffabd6cfd94e094cd1af64396bfa75f578a012f52b23cbf8e5fa828ffa4863,2b07eaaed4519c29e93baec94c3e0cb1ebe005ef33d8629dbd6d032bbf805ffe,
Training/notumor/Tr-no_165.jpg,notumor,Training,duplicate_decoded_pixels,Training/notumor/Tr-no_1336.jpg,23794834130a37699051efa29c29b9af12ae94b6a65d3957d7f9ad667f9bdf0f,0174f1c306cc8b02538f932fd2e6f8a122bf295483d9b06e876bf9f4dd056c9b,
Training/notumor/Tr-no_255.jpg,notumor,Training,duplicate_decoded_pixels,Training/notumor/Tr-no_134.jpg,6b73dc365fbc93ff66b40c68f2e5cd259e650193088389a5f1b968b8c537f4f4,cfbb372d09c2175527b4c463d376118edf7361aee13c3537c32d5ba8f67cb8ad,
Training/notumor/Tr-no_889.jpg,notumor,Training,duplicate_decoded_pixels,Training/notumor/Tr-no_1346.jpg,fa0c1c4fb6eabf57c61ae1afd2f24efd5aa69d47a6df7d468579cdee91a86c8a,4b1f06044cc248a9b05dda3cfbaeaa705e75494e9fcef9c6b055cb95eacd778d,
Training/notumor/Tr-no_840.jpg,notumor,Training,duplicate_decoded_pixels,Training/notumor/Tr-no_1374.jpg,f9ab73351fe5dd8b0cac9d28282c9faff3f83bb3aad1a4fb2769c6e94cb25eb4,658df09f725d2430ff36e56fe00ec02bc938ed024d356d2ed7bda98b716179b3,
Training/notumor/Tr-no_534.jpg,notumor,Training,duplicate_decoded_pixels,Training/notumor/Tr-no_1378.jpg,dd8db43b9ad7e23ff49ec7c8390fe4982cd1138a73f76af0f655b2568915f789,a007e41bcc6c9625cb96d9da06626ac72b53e7eb3dd3f108d21fb5cfad4edb34,
Training/notumor/Tr-no_810.jpg,notumor,Training,duplicate_decoded_pixels,Training/notumor/Tr-no_1379.jpg,84b2155377f2b5ec87d3988642b885d5b6249e7907486184ac311e15a8a599a9,068413939fc8469a5f1234c601486be144b39a8bb7925bbdaa06cd4efae34596,
Training/notumor/Tr-no_1383.jpg,notumor,Training,duplicate_decoded_pixels,Training/notumor/Tr-no_138.jpg,24d874e516a3da5ce8ada80135a0a62c8474538f72f098ad9d3e7ff794595f35,aecffba595500416720940e0bb747848e6105c907fc1443da8c892faa73f8702,
Training/notumor/Tr-no_565.jpg,notumor,Training,duplicate_decoded_pixels,Training/notumor/Tr-no_1390.jpg,65171c43207bd38c794fd14bf5f513325e8a4fe207f71539009bfb4f78b347d8,c9a3c1b1640c57fffb0dcafe9057c3795a055a999d4018fdcf1e205597125ea8,
Training/notumor/Tr-no_642.jpg,notumor,Training,duplicate_decoded_pixels,Training/notumor/Tr-no_1393.jpg,8a05324c1e59d079c88ad71e484739999eab506d3e7eb1bca857264329113b94,3ff2e5e0fef0db267987f153491a27bba1c3dfa25dc86d8da37ad28562fe3378,
Training/notumor/Tr-no_17.jpg,notumor,Training,duplicate_decoded_pixels,Training/notumor/Tr-no_1395.jpg,bd5b12c433485230720aa33032e1f6bd089702090481d7e56dccfa43435d6950,5ff370247481c6a0a07968e5cb21f7835e9dd6a2cccb6745629be32dce6f2ecd,
Training/notumor/Tr-no_660.jpg,notumor,Training,duplicate_decoded_pixels,Training/notumor/Tr-no_1397.jpg,90b09a698e88ffae221f5f5c0c732e7a17e93387b4e91fc0be28b3aa3b91ba33,f043570be7a2871390e29e8756511f00c9832634fb88158fd3af85acf29c75b3,
Training/notumor/Tr-no_516.jpg,notumor,Training,duplicate_decoded_pixels,Training/notumor/Tr-no_1398.jpg,6f3bdbdba45d1f985b33e51c93c318e0f04f2c3186dfae874050a99a11b1af02,7683d4c26cb66910c130f2868f2f087ba51d53f991719a0304e48b3893f5844d,
Training/notumor/Tr-no_48.jpg,notumor,Training,duplicate_decoded_pixels,Training/notumor/Tr-no_14.jpg,76d577713f1cf4414f780058f2079f7e6446aba86e89a86d7dd36401ca79a727,d89d6c0396a8c9e52938ad46d49ae4767c00079a31199d30faac2a8a2ee6963a,
Training/notumor/Tr-no_230.jpg,notumor,Training,duplicate_decoded_pixels,Training/notumor/Tr-no_168.jpg,8c7a08207a2f8e5bf03ed590b3a482491a6abeb9b233a40604f3422065424112,7fde0f871d0629ff9dded3d463c1e90572d760ccc86e74a0ba7906dcd52badc2,
Training/notumor/Tr-no_738.jpg,notumor,Training,duplicate_decoded_pixels,Training/notumor/Tr-no_168.jpg,8c7a08207a2f8e5bf03ed590b3a482491a6abeb9b233a40604f3422065424112,7fde0f871d0629ff9dded3d463c1e90572d760ccc86e74a0ba7906dcd52badc2,
Training/notumor/Tr-no_219.jpg,notumor,Training,duplicate_decoded_pixels,Training/notumor/Tr-no_194.jpg,280d387f9ef5c5407c3a5618fc7e3a861fed385c6f4c2e11e1ee9b13a7faa102,0cad9ac14edb7ae07512531819a8e95392ee25bd39303fc6b449809616809db5,
Training/notumor/Tr-no_232.jpg,notumor,Training,duplicate_decoded_pixels,Training/notumor/Tr-no_224.jpg,20b0c7de1c131e75deff54e8f0c51eef6c48116cdcbf7bb1f47fc7e4c7f07ab1,c28bcaa7f53aec6bad83c78f955c1b80428d4e07e71db249a67f525c49ff03a0,
Training/notumor/Tr-no_29.jpg,notumor,Training,duplicate_decoded_pixels,Training/notumor/Tr-no_224.jpg,20b0c7de1c131e75deff54e8f0c51eef6c48116cdcbf7bb1f47fc7e4c7f07ab1,c28bcaa7f53aec6bad83c78f955c1b80428d4e07e71db249a67f525c49ff03a0,
Training/notumor/Tr-no_472.jpg,notumor,Training,duplicate_decoded_pixels,Training/notumor/Tr-no_250.jpg,25c13de1f058a3b2d081828fab9a6589ac1feba9a0c3963e8033115e3b9bc2ee,178509347f04ef387d17087fe0f340ff7c8ce0ac6b8ddd72533b14bb7ad5e853,
Training/notumor/Tr-no_448.jpg,notumor,Training,duplicate_decoded_pixels,Training/notumor/Tr-no_280.jpg,64eee5cd2516c265ea888fc3d784e97daed289385a487567e66b2aabacf50555,173cdc69749ad72ffc3d60f841423c2d144fc1f9fb711fbad8803e858796e899,
Training/notumor/Tr-no_846.jpg,notumor,Training,duplicate_decoded_pixels,Training/notumor/Tr-no_292.jpg,1cc081e753d825a7a043b7968fa48c166d3518426790468025d6674794791327,c83abc768dcb8deba0e020175d2c0df83932d22e683eb7555cad5d04e9b8d4c0,
Training/notumor/Tr-no_60.jpg,notumor,Training,duplicate_decoded_pixels,Training/notumor/Tr-no_293.jpg,2db2426323e2d116ddfd79ca17da4f0c3861a527eba11414ce1ffe403b5810bd,2e30d8e5bacec6c9049a9cdc597a63456920d732b9217df516aeba7b5962f921,
Training/notumor/Tr-no_747.jpg,notumor,Training,duplicate_decoded_pixels,Training/notumor/Tr-no_3.jpg,4f3c00ef520660295576c472a0cafc9f1bb400d736b352b736966af08bf09235,b47f14c8de0efe2ce9fd5d5fb235a3ceba255d9ffddb99c0845e977f2ecf48cf,
Training/notumor/Tr-no_916.jpg,notumor,Training,duplicate_decoded_pixels,Training/notumor/Tr-no_304.jpg,ee17905768c01705c6abcc330d664f063c5ceada4e3ea6722be796cc9bc9986f,6add95b91863b81aea7fb98c0d3378a97b01ac57b37efa3fa3370a96b1844ad1,
Training/notumor/Tr-no_8.jpg,notumor,Training,duplicate_decoded_pixels,Training/notumor/Tr-no_315.jpg,e3ea07d69e4b3242a2bc56046a2c9547c6e15d8169d3bdad7d4f8f9baf2a2442,6ebfde00934aebb4d74fe40394356ae75e1906d5c61b2d1a4be9050f29273787,
Training/notumor/Tr-no_935.jpg,notumor,Training,duplicate_decoded_pixels,Training/notumor/Tr-no_315.jpg,e3ea07d69e4b3242a2bc56046a2c9547c6e15d8169d3bdad7d4f8f9baf2a2442,6ebfde00934aebb4d74fe40394356ae75e1906d5c61b2d1a4be9050f29273787,
Training/notumor/Tr-no_779.jpg,notumor,Training,duplicate_decoded_pixels,Training/notumor/Tr-no_349.jpg,3e66ecd9f2d07394ea13b8f2ce9212677a14aea1066e13a1445b00cbc59b998e,68dea344d4df1e68a8dfbe636550f116a12cbeff4af5e9b0e456c9da3bbb94af,
Training/notumor/Tr-no_463.jpg,notumor,Training,duplicate_decoded_pixels,Training/notumor/Tr-no_356.jpg,4c2c103442bacc20c289e01799a028f732816b392a316671549e21810560ac30,5d41a3590f42b033c59b9a59d076038eaeba90a749024851ddfed0a3d111047b,
Training/notumor/Tr-no_636.jpg,notumor,Training,duplicate_decoded_pixels,Training/notumor/Tr-no_388.jpg,b7217d07fe4b60f472aaeee4b36e8429d4a1685bbb9fd13c1d471835326e801d,e65cb094affa59604fdd9bbfb969f1a6d34b9f3df4a702c77c5ea348a30b9ec5,
Training/notumor/Tr-no_581.jpg,notumor,Training,duplicate_decoded_pixels,Training/notumor/Tr-no_40.jpg,a8bf58f1fee6cc15adfbbbbe78513606502269b917a52dfe0991621ad5ba401c,446521b28982e8e3f53510f9684488e50b7ba733e911377b75229b7cd5868835,
Training/notumor/Tr-no_582.jpg,notumor,Training,duplicate_decoded_pixels,Training/notumor/Tr-no_421.jpg,5f51fecec97f1264f4cb6a9f7d0d847f17e49033ec034b11d2cc5c8b79ba6519,a4e21a86e6bb0f9c5769d4d628e07a02429022e345852c35ff99d91c6a2c2223,
Training/notumor/Tr-no_63.jpg,notumor,Training,duplicate_decoded_pixels,Training/notumor/Tr-no_423.jpg,da9ef6cef60bdcf63e1cb2c07ebe5bfb5a1c08c74dadf280915d55d7c3e36d9a,cf3a0fb08ab043d60765ff0f4ee0485d0a05646f32ecd1dd946602a4b83d9123,
Training/notumor/Tr-no_963.jpg,notumor,Training,duplicate_decoded_pixels,Training/notumor/Tr-no_43.jpg,4984bb79a4b6f8bbe65f017c74fd7c1dce3f24d94cc9d33f92e22b441a0866ca,8d7d2ffda35c956fafa98f072c173cd74321d4e25f794c5194d655fddd79eef4,
Training/notumor/Tr-no_492.jpg,notumor,Training,duplicate_decoded_pixels,Training/notumor/Tr-no_433.jpg,fb32f456cca40bf1867369a4abcae84ff15d634bc56637a568d09449114f95ae,a743d183c6e2437efce257a25bcff4cb6cc0a922c106ead4d7427650beab20a6,
Training/notumor/Tr-no_755.jpg,notumor,Training,duplicate_decoded_pixels,Training/notumor/Tr-no_435.jpg,37d13e11e66c736b2174792a44b897777f212e935d5c74141ced8dc58d610672,6a5e403ce438e775faa905fd85dfde3545b9009a938270260c5d565788beb6ad,
Training/notumor/Tr-no_720.jpg,notumor,Training,duplicate_decoded_pixels,Training/notumor/Tr-no_447.jpg,ac76ca3b933520e9519c3fa096e38e281e467ae4bda0412daa34cb966954ff68,5d95c053a11a680a5697639029e4013366150ec05a2c72e3a1ffd83debf54744,
Training/notumor/Tr-no_839.jpg,notumor,Training,duplicate_decoded_pixels,Training/notumor/Tr-no_447.jpg,ac76ca3b933520e9519c3fa096e38e281e467ae4bda0412daa34cb966954ff68,5d95c053a11a680a5697639029e4013366150ec05a2c72e3a1ffd83debf54744,
Training/notumor/Tr-no_866.jpg,notumor,Training,duplicate_decoded_pixels,Training/notumor/Tr-no_455.jpg,b19b70050792743117c0ca8237e721b433a3d76b7cd1ae7e2bfaa50f73985957,c9d56869693e4975ed73c990b5d52a45b10060de68a7f5b086e1b1babe142ea5,
Training/notumor/Tr-no_778.jpg,notumor,Training,duplicate_decoded_pixels,Training/notumor/Tr-no_473.jpg,2bcf7f2051a470cc90e74522c8141783f4e6e3b36b033e622bb446070804fbce,b9428baf45bef5e98d450842b21aba3683132bf0d5de0b96d71a5a7d1b129987,
Training/notumor/Tr-no_920.jpg,notumor,Training,duplicate_decoded_pixels,Training/notumor/Tr-no_486.jpg,d62ef020a79e42be55f4a6977457753c11364c69c1a842aab749f45b910a348f,2e5de0f8b5009829f528d9d0e009a4f29942e60e3883ada339ec1e125eb9af36,
Training/notumor/Tr-no_664.jpg,notumor,Training,duplicate_decoded_pixels,Training/notumor/Tr-no_493.jpg,29f5011764730ed401f04b4978195c0b9fcedb005c3408f89a7586259cb1b675,360f6f81748fb870901669a601b54f372d7ab3f9d58a58a35c495fb3563da427,
Training/notumor/Tr-no_734.jpg,notumor,Training,duplicate_decoded_pixels,Training/notumor/Tr-no_499.jpg,41efe60c9486d5c559d6ede0449c1da09b12bfbf8241ba4f28c60f82634cfe04,bb347593d42b40560cd24c31f2d464820b2708331117208c34c113f4dbf55edb,
Training/notumor/Tr-no_92.jpg,notumor,Training,duplicate_decoded_pixels,Training/notumor/Tr-no_518.jpg,7adb02dafa127d16b635a76df10314f68ded12fa7a20457e4d666d2873a2130f,08cc21ef4158a51f7f9d53985d207311c0915d001ed07896c186b6b00841221d,
Training/notumor/Tr-no_617.jpg,notumor,Training,duplicate_decoded_pixels,Training/notumor/Tr-no_524.jpg,6296fc94ca1dba543a77ac0312ae4eda86053a44d81a9151e77e1e6b90bd91d3,06fbffc607fc66ad16d514495e840141decf427e0090ad9e3b8020eb91068813,
Training/notumor/Tr-no_543.jpg,notumor,Training,duplicate_decoded_pixels,Training/notumor/Tr-no_539.jpg,040daff6e5eb6eaa70b0f175576954db75ab0f754d1877736f019dccac1a2bd2,6cba395f5c387fb3fee85b3d66ab909690c29ed98f30d6c4ab6d0e5c126cfa60,
Training/notumor/Tr-no_753.jpg,notumor,Training,duplicate_decoded_pixels,Training/notumor/Tr-no_540.jpg,79b6fe05b46ee2a734c4da64cd109bc508bfd1b76f46e9c496dbb406f86139f9,4c94c81f2bf93fa332242399308a80440009c3d4909c44cef730441c364f467a,
Training/notumor/Tr-no_73.jpg,notumor,Training,duplicate_decoded_pixels,Training/notumor/Tr-no_56.jpg,8df1125bc5a3901ae602be99db7d676e79744a93eb6ed69de91b86cdb087a7a1,ead9da58cb2c4389713943671dcf37ce6a715637b043f6abc7f218e84ffb42fb,
Training/notumor/Tr-no_764.jpg,notumor,Training,duplicate_decoded_pixels,Training/notumor/Tr-no_577.jpg,2e9979eb629886f51f2e4b143f7526fe57537077b3bcb1bfd7d4ecad00b30547,4fc6ab2a71c2342554508c7f4e4001479da4c576f63acdec974c5fe6055fa92b,
Training/notumor/Tr-no_906.jpg,notumor,Training,duplicate_decoded_pixels,Training/notumor/Tr-no_58.jpg,3fcd47df13022dff9310847e66344a301655fc62a565598336433f9c098e5074,82064fccd01255b04b8f3bccdc45bb8b8a16a1b1125c125a11f2bef368d78acf,
Training/notumor/Tr-no_989.jpg,notumor,Training,duplicate_decoded_pixels,Training/notumor/Tr-no_588.jpg,a820973ab9e444f92fdc4e5eb2e584a72d5da660675f1793469f229f40199538,0afb3094eb5cd8baa56ed37a7223fe6735d6ca14fe49dca92a13af306d898079,
Training/notumor/Tr-no_93.jpg,notumor,Training,duplicate_decoded_pixels,Training/notumor/Tr-no_638.jpg,f312e388a4ef96442e3e21fbbfd789d5d5b0f66a7a5dc73a69fc0bfc59a8ab11,efc00bd46db262346a82753e76bdc53ea615f6d326e29777cd86d75bad8647a0,
Training/notumor/Tr-no_817.jpg,notumor,Training,duplicate_decoded_pixels,Training/notumor/Tr-no_649.jpg,23a839738271bed355a592894783aaec5b225a7ea883e26b116b63a6edb819a1,9226279a751354ff7d79cd2e80651ba3e58c5befb7eb60e93e13084062a9d28f,
Training/notumor/Tr-no_995.jpg,notumor,Training,duplicate_decoded_pixels,Training/notumor/Tr-no_673.jpg,8d1b8cb2975b43db869caaecbffd11f51651b6c25d35928f84cc295215cfb822,664f4a43a6095b9d4c4849aa878e47045d7626be0d5aa79dcc1432f221b83e53,
Training/notumor/Tr-no_930.jpg,notumor,Training,duplicate_decoded_pixels,Training/notumor/Tr-no_698.jpg,9af05acd768793e89fc6776c3af838b0bf0747cfc3a3737e1cd3af44ea09c930,56ee224382665981ca1a5979080b47148f3eda0ddcfe80f48ff8fea6b14d669e,
Training/notumor/Tr-no_81.jpg,notumor,Training,duplicate_decoded_pixels,Training/notumor/Tr-no_721.jpg,f932387c00c74ebaede60e0b5e0d79dbff6b944e066d510f4c95834f05050e3e,c15b2a5feee8a44e536b4909cb42a892bf689626784916104e2d3c1adc55e443,
Training/notumor/Tr-no_843.jpg,notumor,Training,duplicate_decoded_pixels,Training/notumor/Tr-no_750.jpg,413708f4f5a9e003997c5c966035431a1bd741b16cde99a42ca6155cccf8f17d,8da076aec48d93f527c8520694da98e75b408581b4232bb5843a816cded59167,
Training/notumor/Tr-no_967.jpg,notumor,Training,duplicate_decoded_pixels,Training/notumor/Tr-no_766.jpg,7f04f0b6fd5821e19cf5a273a540df06a1f6bdcaa63bb235743e274fff825fbd,d25d21f775f625947b98e0b517d4269dd45ad7b536b3eeeb2d26285556433e99,
Training/notumor/Tr-no_946.jpg,notumor,Training,duplicate_decoded_pixels,Training/notumor/Tr-no_813.jpg,fb9efc392533bc8dbbc3d107a43a31b16d512b881955e4a9c37592305dbe58da,e99946c399e4755bc06cc1c174813f0e87b84a3cb725e4f97053d3f5ae342022,
Training/notumor/Tr-no_918.jpg,notumor,Training,duplicate_decoded_pixels,Training/notumor/Tr-no_880.jpg,303c5c415fc8be331907a13c78d499fa000f24788fab65f7c9171c448978b09f,30d60bd0af95e12661e2f455cfb7cce60cd0cfc8562ddc6850e636b996e73285,
Training/notumor/Tr-no_969.jpg,notumor,Training,duplicate_decoded_pixels,Training/notumor/Tr-no_933.jpg,ca0417b4c4dc6ac92ebdeeb71231b1a60a16299d04b7735c1bf725aa0649d8c2,c34327a7634805f9ea0c0295480b0af9f3ddb75ece762f84a2941f4a0c894a19,
Training/pituitary/Tr-pi_1071.jpg,pituitary,Training,duplicate_decoded_pixels,Training/pituitary/Tr-pi_1023.jpg,b204aa522460d1a772549e65023ac4f67b3ad1f57a1be54c59ece19fcd2d0081,9cff8ca5197cf326ab70c7009154c30cb50f285b4edc8206e7dcba8f8965e53a,
Training/pituitary/Tr-pi_1207.jpg,pituitary,Training,duplicate_decoded_pixels,Training/pituitary/Tr-pi_1023.jpg,b204aa522460d1a772549e65023ac4f67b3ad1f57a1be54c59ece19fcd2d0081,9cff8ca5197cf326ab70c7009154c30cb50f285b4edc8206e7dcba8f8965e53a,
Training/pituitary/Tr-pi_991.jpg,pituitary,Training,duplicate_decoded_pixels,Training/pituitary/Tr-pi_1023.jpg,b204aa522460d1a772549e65023ac4f67b3ad1f57a1be54c59ece19fcd2d0081,9cff8ca5197cf326ab70c7009154c30cb50f285b4edc8206e7dcba8f8965e53a,
Training/pituitary/Tr-pi_1155.jpg,pituitary,Training,duplicate_decoded_pixels,Training/pituitary/Tr-pi_1098.jpg,93ea61a9b554ed27c76d767221bba1d6c8b24a03521aee53f4b822b89efa41b2,7f9334b1ff45bb0c80778156df0e46d2eb06a175ca9a810c728bf91b8e0f4d38,
Training/pituitary/Tr-pi_1380.jpg,pituitary,Training,duplicate_decoded_pixels,Training/pituitary/Tr-pi_1098.jpg,fa1b99a077c2038fb23ef239e11ae9c34bae7cb6ffcaf1fc44a4793a775384ce,7f9334b1ff45bb0c80778156df0e46d2eb06a175ca9a810c728bf91b8e0f4d38,
Training/pituitary/Tr-pi_1196.jpg,pituitary,Training,duplicate_decoded_pixels,Training/pituitary/Tr-pi_1122.jpg,ac081dc77c62c1902feb757aa652c2af19c67d31ec646fd3f2a50249729f570c,4ba12808dfb73a1e49a8382e044291ea2cef71e31755463504798ba8810e6a9e,
Training/pituitary/Tr-pi_943.jpg,pituitary,Training,duplicate_decoded_pixels,Training/pituitary/Tr-pi_1122.jpg,ac081dc77c62c1902feb757aa652c2af19c67d31ec646fd3f2a50249729f570c,4ba12808dfb73a1e49a8382e044291ea2cef71e31755463504798ba8810e6a9e,
Training/pituitary/Tr-pi_1320.jpg,pituitary,Training,duplicate_decoded_pixels,Training/pituitary/Tr-pi_1133.jpg,857318e9eb1f335d05f4700258466a78972a3e147365b2e3d0405def9eee3d26,d542104fe8fb131f587101bd371f22baf07355541b7276c14958aa476181ff37,
Training/pituitary/Tr-pi_1211.jpg,pituitary,Training,duplicate_decoded_pixels,Training/pituitary/Tr-pi_1154.jpg,de35915b30be9cb513305bb03b1fcf263dadf7259aa666e02f09215118f7f65a,5c183c5f16463526ead85ccf739f435bac12bf43f8a156a980ae4bb602ad10ef,
Training/pituitary/Tr-pi_1339.jpg,pituitary,Training,duplicate_decoded_pixels,Training/pituitary/Tr-pi_1154.jpg,de35915b30be9cb513305bb03b1fcf263dadf7259aa666e02f09215118f7f65a,5c183c5f16463526ead85ccf739f435bac12bf43f8a156a980ae4bb602ad10ef,
Training/pituitary/Tr-pi_160.jpg,pituitary,Training,duplicate_decoded_pixels,Training/pituitary/Tr-pi_1154.jpg,de35915b30be9cb513305bb03b1fcf263dadf7259aa666e02f09215118f7f65a,5c183c5f16463526ead85ccf739f435bac12bf43f8a156a980ae4bb602ad10ef,
Training/pituitary/Tr-pi_668.jpg,pituitary,Training,duplicate_decoded_pixels,Training/pituitary/Tr-pi_1181.jpg,f764c8846c7fe11dce4e99b2bfa153347eb2976ae53857392f31f82b127b2270,648144e34af82e8311be0cd5a7149f45fe655f939ae9413afe47fe258c30f4de,
Training/pituitary/Tr-pi_384.jpg,pituitary,Training,duplicate_decoded_pixels,Training/pituitary/Tr-pi_1187.jpg,aff49c4e9fbe859bc0608338e96e8e4eab4743e7100c05f81b48e68a799d38d4,1447ef7bf73fcb4a8c874b31c76981a271d889010f126097f1deea838ede18d2,
Training/pituitary/Tr-pi_863.jpg,pituitary,Training,duplicate_decoded_pixels,Training/pituitary/Tr-pi_1187.jpg,aff49c4e9fbe859bc0608338e96e8e4eab4743e7100c05f81b48e68a799d38d4,1447ef7bf73fcb4a8c874b31c76981a271d889010f126097f1deea838ede18d2,
Training/pituitary/Tr-pi_763.jpg,pituitary,Training,duplicate_decoded_pixels,Training/pituitary/Tr-pi_120.jpg,ac76926d9f73fd42c57092e3f991abe3036320552092ebf8d69d60d736a93622,dbdfe6ac34a0ef712a89e0fd81a9b29af4ca40250db9e85f4226215060a3eb76,
Training/pituitary/Tr-pi_1352.jpg,pituitary,Training,duplicate_decoded_pixels,Training/pituitary/Tr-pi_1209.jpg,53446ebefbb558643e11fe7ecf3059737e2814172797c680e50463dd03656fdf,9c9206e678c414edc6a27601c693bcdf95e372fa312297130967f89d178e54d1,
Training/pituitary/Tr-pi_461.jpg,pituitary,Training,duplicate_decoded_pixels,Training/pituitary/Tr-pi_1252.jpg,dc8ef910fb6a27abfe1862e83beeacb91864e160cd6919e5f0b2ebc039b865c4,44d2e51cb6c29c6e22970adb468ebb7fe43735b0c73a3fded82073c3fb5236c3,
Training/pituitary/Tr-pi_528.jpg,pituitary,Training,duplicate_decoded_pixels,Training/pituitary/Tr-pi_1252.jpg,dc8ef910fb6a27abfe1862e83beeacb91864e160cd6919e5f0b2ebc039b865c4,44d2e51cb6c29c6e22970adb468ebb7fe43735b0c73a3fded82073c3fb5236c3,
Training/pituitary/Tr-pi_261.jpg,pituitary,Training,duplicate_decoded_pixels,Training/pituitary/Tr-pi_1309.jpg,1bbe995f377f1eb224e2a963238bbfacf7bf49a3d7219bbc3dd781b5c34e4fb8,6b24ef678cb00b9257a1cdc0c7bfac18844cfea3db1bccc8aa5312450b40c61e,
Training/pituitary/Tr-pi_564.jpg,pituitary,Training,duplicate_decoded_pixels,Training/pituitary/Tr-pi_132.jpg,a1ee82164acd190067400d50f236fbb6004c0002fe3c09e4cf2d71752865140b,1caf169ef8f3aa911fc197f499e2a97b042c55603eea638d1cbcd5a669ce054c,
Training/pituitary/Tr-pi_984.jpg,pituitary,Training,duplicate_decoded_pixels,Training/pituitary/Tr-pi_1323.jpg,dea65808e631f46024aaa034984629ab8a455f2b951ca7022f12fa9e62b7c8ff,c42f8c6a61285544b279414dc7f43e1cdf228c4dbd769bea966f00b179159539,
Training/pituitary/Tr-pi_195.jpg,pituitary,Training,duplicate_decoded_pixels,Training/pituitary/Tr-pi_1399.jpg,2ff387b9c84bad104f2f095f9832781f634931e584e02a1afab513037079eea5,244d37ed0ea062375cb2ccf02f84efb4e0147f42fc7cd3e4f589b5c3aed77955,
Training/pituitary/Tr-pi_504.jpg,pituitary,Training,duplicate_decoded_pixels,Training/pituitary/Tr-pi_163.jpg,690ed9d73b96706b833cfbb95e40543fe022c7579ab74693873e2c26766c5efb,2ba821cb3fd70abf6fdc37636382b274e0854fcc6255bb58e3ab272c63488719,
Training/pituitary/Tr-pi_306.jpg,pituitary,Training,duplicate_decoded_pixels,Training/pituitary/Tr-pi_17.jpg,f2152513bd2804ec1ef7e8b188ab72a991417708a0b98e3dac3131578d1aa794,6a04a5e358e8de5169c3fe913c9881489c4b0e54500af32ca9dc21a767e874da,
Training/pituitary/Tr-pi_812.jpg,pituitary,Training,duplicate_decoded_pixels,Training/pituitary/Tr-pi_193.jpg,c27c953b150b8cfa6c2820bac42a13a5d1b5b6420409973ba07a18542429afd5,160ed0ba8a1345f623a804c7c2bcc0066dfb963a4b89a20d24ddca90836eec94,
Training/pituitary/Tr-pi_405.jpg,pituitary,Training,duplicate_decoded_pixels,Training/pituitary/Tr-pi_206.jpg,6e4a32b7a73554a9a26b0e594f63d76920f7caeea52be19c323f8ad755d17f8b,cb8c4a7d88d224d6c8826e1177a74764849bd6ff6c88a4400b130bf757a418eb,
Training/pituitary/Tr-pi_634.jpg,pituitary,Training,duplicate_decoded_pixels,Training/pituitary/Tr-pi_206.jpg,6e4a32b7a73554a9a26b0e594f63d76920f7caeea52be19c323f8ad755d17f8b,cb8c4a7d88d224d6c8826e1177a74764849bd6ff6c88a4400b130bf757a418eb,
Training/pituitary/Tr-pi_928.jpg,pituitary,Training,duplicate_decoded_pixels,Training/pituitary/Tr-pi_206.jpg,6e4a32b7a73554a9a26b0e594f63d76920f7caeea52be19c323f8ad755d17f8b,cb8c4a7d88d224d6c8826e1177a74764849bd6ff6c88a4400b130bf757a418eb,
Training/pituitary/Tr-pi_430.jpg,pituitary,Training,duplicate_decoded_pixels,Training/pituitary/Tr-pi_221.jpg,7d0738e4f6493b449e20a147b80f674c589dc478dd6b5ccd4fb6ea1c329f0cfe,51b636880dfeaa592c5222f37075d39e11e355a5fb57430398b7cf2e25530ae8,
Training/pituitary/Tr-pi_883.jpg,pituitary,Training,duplicate_decoded_pixels,Training/pituitary/Tr-pi_221.jpg,7d0738e4f6493b449e20a147b80f674c589dc478dd6b5ccd4fb6ea1c329f0cfe,51b636880dfeaa592c5222f37075d39e11e355a5fb57430398b7cf2e25530ae8,
Training/pituitary/Tr-pi_698.jpg,pituitary,Training,duplicate_decoded_pixels,Training/pituitary/Tr-pi_246.jpg,14a873e8998c4a88896fd7be1155eeaf656b88209c8e9fcf7db731de3478484c,ea5c5d416ff87a748f3749517f5eab6859d028a841ae3280fd64b91a0d855322,
Training/pituitary/Tr-pi_969.jpg,pituitary,Training,duplicate_decoded_pixels,Training/pituitary/Tr-pi_246.jpg,14a873e8998c4a88896fd7be1155eeaf656b88209c8e9fcf7db731de3478484c,ea5c5d416ff87a748f3749517f5eab6859d028a841ae3280fd64b91a0d855322,
Training/pituitary/Tr-pi_962.jpg,pituitary,Training,duplicate_decoded_pixels,Training/pituitary/Tr-pi_285.jpg,8e2b4a6d3ce98d740a636942e40c14783eac078cf1758678c9d5aee948057aa7,6caf7d1df8f3f406bcd54afe5d14bd37d232b9ae43a85dd771d2d5174411ce89,
Training/pituitary/Tr-pi_397.jpg,pituitary,Training,duplicate_decoded_pixels,Training/pituitary/Tr-pi_286.jpg,e99074ab025d65cc916b786675d37496c0f045c8267c222bfbc29c04dab42ffd,1993334e6b5fa418e6342f04ebd503ef351c3befc6255047054225f96ce98956,
Training/pituitary/Tr-pi_320.jpg,pituitary,Training,duplicate_decoded_pixels,Training/pituitary/Tr-pi_311.jpg,8afa71fed3d0307237b24872056b750f3c06ee0d9527c35241b908eb7404080f,2e38d6c06bd9ed094b38156f4ae7c1bfa14e897c3622e85f6cb9058b1bbe58aa,
Training/pituitary/Tr-pi_759.jpg,pituitary,Training,duplicate_decoded_pixels,Training/pituitary/Tr-pi_356.jpg,8d463bf588c1bc9e685df1729434a541f187054456fe244024966078fe1aef61,80a08c11559318bf43f8dbf212af55beae99a61195027802b4f9946242bec538,
Training/pituitary/Tr-pi_77.jpg,pituitary,Training,duplicate_decoded_pixels,Training/pituitary/Tr-pi_356.jpg,8d463bf588c1bc9e685df1729434a541f187054456fe244024966078fe1aef61,80a08c11559318bf43f8dbf212af55beae99a61195027802b4f9946242bec538,
Training/pituitary/Tr-pi_476.jpg,pituitary,Training,duplicate_decoded_pixels,Training/pituitary/Tr-pi_396.jpg,59b7545faed7fe8962c1853d6dd379ab5e5ddfe6970a42a0017a4114fb1a95ad,ab71f35026527598df1a19e06f4a4d489c9565d09563eb511506d936fa223ad9,
Training/pituitary/Tr-pi_515.jpg,pituitary,Training,duplicate_decoded_pixels,Training/pituitary/Tr-pi_410.jpg,6c374ab41105e5927d08e15103c8c27416f8e7d03c15c03d104ace5b310bd0ed,8b65458cf13e0cf1e45e9a3909ccbbb2a391f1f1feceff7864b61c9873e81696,
Training/pituitary/Tr-pi_75.jpg,pituitary,Training,duplicate_decoded_pixels,Training/pituitary/Tr-pi_464.jpg,8a4a14e666a67b90bf01bac1b85170bacf41fda33c7a7394d5e82e83c6f6f324,98494245f9391ac9af0b945b72db2936f9ef88ec54ea25b38ca33582a7bc1b67,
Training/pituitary/Tr-pi_857.jpg,pituitary,Training,duplicate_decoded_pixels,Training/pituitary/Tr-pi_542.jpg,4f6314d65c3d703caa7b94440365f4c89fa68a7069a0a10054e6604956f60f28,6a5932feaf3090dacdce39146d782b1c96e58aec05fe927267ab18144af976b2,
Training/pituitary/Tr-pi_878.jpg,pituitary,Training,duplicate_decoded_pixels,Training/pituitary/Tr-pi_805.jpg,6c8c2a11f01b532a75a01f052e3f536e10bcdca633e77ef3001d8ed852e83ee7,fc4aebb0a36b60472f97f8421da3b2f330f22280881d3836b0e26d916aea43f7,
Testing/glioma/Te-gl_160.jpg,glioma,Testing,similar_images_conflicting_labels,,1b2c885fd4d1c4df023f0cfde39fdf707f1e81e8d59fe716080223e0a4f5b834,ec3964611a4f34ed34f1eaea7abb6e0a3f85ced0445c7f88cd842a4b6a7899ea,
Training/meningioma/Tr-me_1122.jpg,meningioma,Training,similar_images_conflicting_labels,,faf979dc936e8bdda191a2af8b4790136ff54f4e9a3319ffaa9f06a3c8216b17,fbeeff9b8703b5024b58ea13a1bab08889050222313780ea1782d3df14ac6eb4,
Testing/glioma/Te-gl_68.jpg,glioma,Testing,similar_images_conflicting_labels,,7731e42be9ba3453360086cd91b77036dd5cacd848cb1c407887159c71222a7b,d17baf3c5f5dd4648bde05f5bf0d249099434af35b0b421c0f46fe05051dfca8,
Training/meningioma/Tr-me_458.jpg,meningioma,Training,similar_images_conflicting_labels,,ce8b974baddb2dc8bac4115b3f5c9c3006cd7a0134c3722906ef5c08d3294150,bdb162dcdf0f1ae8cc77ccad72858d8031ae3aaee99f23fd64a307fbace8569b,
Training/meningioma/Tr-me_468.jpg,meningioma,Training,similar_images_conflicting_labels,,e6ca19cc14a4c5dfaee656165c5b8c93608ab5adb96c354b15fec32fd3249857,90d5f2b25738c07090b80d647367595e010a9f7b5f371e0a7cc8f4ee486db917,
Training/meningioma/Tr-me_714.jpg,meningioma,Training,similar_images_conflicting_labels,,1db9c81ca21c0ec3f145865ef84c439d9e3fd951b8478cef6a3a2d31a6e7c5d1,ec83f695c39e72ab3f21d47c06c23e444bbac94962dc15c41ff03ffc96dcf7d8,
