source_a,source_b,phash_distance,gray_rmse,disposition
Testing/glioma/Te-gl_140.jpg,Testing/glioma/Te-gl_76.jpg,0,0.562717,grouped_same_split
Testing/glioma/Te-gl_160.jpg,Training/meningioma/Tr-me_1122.jpg,0,1.520851,excluded_label_conflict
Testing/glioma/Te-gl_168.jpg,Training/glioma/Tr-gl_75.jpg,2,7.582328,grouped_same_split
Testing/glioma/Te-gl_68.jpg,Training/meningioma/Tr-me_458.jpg,0,0.656994,excluded_label_conflict
Testing/glioma/Te-gl_68.jpg,Training/meningioma/Tr-me_468.jpg,2,1.129548,excluded_label_conflict
Testing/glioma/Te-gl_68.jpg,Training/meningioma/Tr-me_714.jpg,2,0.673146,excluded_label_conflict
Testing/meningioma/Te-me_125.jpg,Training/meningioma/Tr-me_1282.jpg,0,2.333205,grouped_same_split
Testing/meningioma/Te-me_262.jpg,Training/meningioma/Tr-me_1110.jpg,2,1.792181,grouped_same_split
Testing/meningioma/Te-me_262.jpg,Training/meningioma/Tr-me_464.jpg,0,1.334543,grouped_same_split
Testing/meningioma/Te-me_262.jpg,Training/meningioma/Tr-me_639.jpg,0,1.34375,grouped_same_split
Testing/meningioma/Te-me_272.jpg,Training/meningioma/Tr-me_1127.jpg,0,1.881824,grouped_same_split
Testing/notumor/Te-no_1.jpg,Testing/notumor/Te-no_63.jpg,0,0.935936,grouped_same_split
Testing/notumor/Te-no_1.jpg,Training/notumor/Tr-no_151.jpg,0,0.691925,grouped_same_split
Testing/notumor/Te-no_10.jpg,Training/notumor/Tr-no_468.jpg,0,1.53125,grouped_same_split
Testing/notumor/Te-no_100.jpg,Testing/notumor/Te-no_160.jpg,0,0.525242,grouped_same_split
Testing/notumor/Te-no_100.jpg,Training/notumor/Tr-no_803.jpg,2,3.137203,grouped_same_split
Testing/notumor/Te-no_101.jpg,Testing/notumor/Te-no_185.jpg,0,1.131707,grouped_same_split
Testing/notumor/Te-no_101.jpg,Testing/notumor/Te-no_195.jpg,0,1.156883,grouped_same_split
Testing/notumor/Te-no_101.jpg,Testing/notumor/Te-no_303.jpg,0,0.990063,grouped_same_split
Testing/notumor/Te-no_101.jpg,Testing/notumor/Te-no_89.jpg,0,1.038093,grouped_same_split
Testing/notumor/Te-no_101.jpg,Training/notumor/Tr-no_1356.jpg,0,1.165818,grouped_same_split
Testing/notumor/Te-no_102.jpg,Testing/notumor/Te-no_12.jpg,0,4.349002,grouped_same_split
Testing/notumor/Te-no_102.jpg,Training/notumor/Tr-no_1276.jpg,0,1.495191,grouped_same_split
Testing/notumor/Te-no_102.jpg,Training/notumor/Tr-no_504.jpg,0,4.661438,grouped_same_split
Testing/notumor/Te-no_103.jpg,Testing/notumor/Te-no_230.jpg,2,1.094643,grouped_same_split
Testing/notumor/Te-no_104.jpg,Training/notumor/Tr-no_1386.jpg,0,1.016586,grouped_same_split
Testing/notumor/Te-no_104.jpg,Training/notumor/Tr-no_823.jpg,2,0.949661,grouped_same_split
Testing/notumor/Te-no_105.jpg,Testing/notumor/Te-no_328.jpg,0,1.371533,grouped_same_split
Testing/notumor/Te-no_106.jpg,Training/notumor/Tr-no_1249.jpg,2,4.187179,grouped_same_split
Testing/notumor/Te-no_107.jpg,Training/notumor/Tr-no_68.jpg,0,0.793652,grouped_same_split
Testing/notumor/Te-no_108.jpg,Training/notumor/Tr-no_458.jpg,2,0.850523,grouped_same_split
Testing/notumor/Te-no_109.jpg,Training/notumor/Tr-no_939.jpg,0,0.622652,grouped_same_split
Testing/notumor/Te-no_11.jpg,Training/notumor/Tr-no_1371.jpg,0,2.592714,grouped_same_split
Testing/notumor/Te-no_11.jpg,Training/notumor/Tr-no_234.jpg,0,3.458106,grouped_same_split
Testing/notumor/Te-no_11.jpg,Training/notumor/Tr-no_402.jpg,2,3.076737,grouped_same_split
Testing/notumor/Te-no_11.jpg,Training/notumor/Tr-no_488.jpg,2,2.929052,grouped_same_split
Testing/notumor/Te-no_11.jpg,Training/notumor/Tr-no_643.jpg,0,3.493122,grouped_same_split
Testing/notumor/Te-no_110.jpg,Testing/notumor/Te-no_342.jpg,0,1.014663,grouped_same_split
Testing/notumor/Te-no_110.jpg,Training/notumor/Tr-no_1136.jpg,0,1.012977,grouped_same_split
Testing/notumor/Te-no_110.jpg,Training/notumor/Tr-no_480.jpg,0,0.797181,grouped_same_split
Testing/notumor/Te-no_111.jpg,Testing/notumor/Te-no_361.jpg,0,1.168224,grouped_same_split
Testing/notumor/Te-no_111.jpg,Testing/notumor/Te-no_80.jpg,0,1.151807,grouped_same_split
Testing/notumor/Te-no_111.jpg,Training/notumor/Tr-no_177.jpg,0,0.503406,grouped_same_split
Testing/notumor/Te-no_111.jpg,Training/notumor/Tr-no_888.jpg,0,0.545086,grouped_same_split
Testing/notumor/Te-no_112.jpg,Testing/notumor/Te-no_123.jpg,0,0.91909,grouped_same_split
Testing/notumor/Te-no_112.jpg,Training/notumor/Tr-no_1229.jpg,0,1.033969,grouped_same_split
Testing/notumor/Te-no_113.jpg,Testing/notumor/Te-no_334.jpg,0,1.122066,grouped_same_split
Testing/notumor/Te-no_113.jpg,Training/notumor/Tr-no_1071.jpg,0,1.252342,grouped_same_split
Testing/notumor/Te-no_113.jpg,Training/notumor/Tr-no_1138.jpg,0,1.43214,grouped_same_split
Testing/notumor/Te-no_114.jpg,Training/notumor/Tr-no_1103.jpg,0,4.713081,grouped_same_split
Testing/notumor/Te-no_114.jpg,Training/notumor/Tr-no_811.jpg,0,1.502521,grouped_same_split
Testing/notumor/Te-no_114.jpg,Training/notumor/Tr-no_948.jpg,2,4.331649,grouped_same_split
Testing/notumor/Te-no_115.jpg,Testing/notumor/Te-no_304.jpg,2,1.720454,grouped_same_split
Testing/notumor/Te-no_115.jpg,Training/notumor/Tr-no_293.jpg,2,1.482647,grouped_same_split
Testing/notumor/Te-no_115.jpg,Training/notumor/Tr-no_885.jpg,2,1.430349,grouped_same_split
Testing/notumor/Te-no_116.jpg,Training/notumor/Tr-no_207.jpg,0,0.819829,grouped_same_split
Testing/notumor/Te-no_117.jpg,Testing/notumor/Te-no_202.jpg,0,0.876255,grouped_same_split
Testing/notumor/Te-no_117.jpg,Testing/notumor/Te-no_382.jpg,2,0.899083,grouped_same_split
Testing/notumor/Te-no_118.jpg,Training/notumor/Tr-no_35.jpg,0,1.11311,grouped_same_split
Testing/notumor/Te-no_118.jpg,Training/notumor/Tr-no_66.jpg,0,0.865743,grouped_same_split
Testing/notumor/Te-no_118.jpg,Training/notumor/Tr-no_773.jpg,0,1.400422,grouped_same_split
Testing/notumor/Te-no_119.jpg,Training/notumor/Tr-no_127.jpg,2,3.114475,grouped_same_split
Testing/notumor/Te-no_119.jpg,Training/notumor/Tr-no_409.jpg,2,0.758094,grouped_same_split
Testing/notumor/Te-no_12.jpg,Training/notumor/Tr-no_1276.jpg,0,4.311764,grouped_same_split
Testing/notumor/Te-no_12.jpg,Training/notumor/Tr-no_504.jpg,0,3.21856,grouped_same_split
Testing/notumor/Te-no_120.jpg,Testing/notumor/Te-no_399.jpg,2,1.79803,grouped_same_split
Testing/notumor/Te-no_120.jpg,Training/notumor/Tr-no_791.jpg,2,1.36654,grouped_same_split
Testing/notumor/Te-no_122.jpg,Training/notumor/Tr-no_373.jpg,0,2.292832,grouped_same_split
Testing/notumor/Te-no_123.jpg,Training/notumor/Tr-no_1229.jpg,0,0.674776,grouped_same_split
Testing/notumor/Te-no_124.jpg,Testing/notumor/Te-no_203.jpg,0,0.818189,grouped_same_split
Testing/notumor/Te-no_124.jpg,Testing/notumor/Te-no_374.jpg,0,0.889116,grouped_same_split
Testing/notumor/Te-no_125.jpg,Testing/notumor/Te-no_33.jpg,0,2.057938,grouped_same_split
Testing/notumor/Te-no_125.jpg,Training/notumor/Tr-no_1151.jpg,2,2.092292,grouped_same_split
Testing/notumor/Te-no_125.jpg,Training/notumor/Tr-no_1315.jpg,0,0.680361,grouped_same_split
Testing/notumor/Te-no_125.jpg,Training/notumor/Tr-no_270.jpg,0,0.735704,grouped_same_split
Testing/notumor/Te-no_126.jpg,Testing/notumor/Te-no_93.jpg,2,0.945022,grouped_same_split
Testing/notumor/Te-no_126.jpg,Training/notumor/Tr-no_10.jpg,4,1.066628,grouped_same_split
Testing/notumor/Te-no_126.jpg,Training/notumor/Tr-no_377.jpg,2,1.062845,grouped_same_split
Testing/notumor/Te-no_127.jpg,Testing/notumor/Te-no_357.jpg,0,1.020661,grouped_same_split
Testing/notumor/Te-no_127.jpg,Training/notumor/Tr-no_223.jpg,2,3.892162,grouped_same_split
Testing/notumor/Te-no_127.jpg,Training/notumor/Tr-no_585.jpg,2,4.304142,grouped_same_split
Testing/notumor/Te-no_128.jpg,Testing/notumor/Te-no_177.jpg,4,4.660705,grouped_same_split
Testing/notumor/Te-no_128.jpg,Testing/notumor/Te-no_256.jpg,0,0.357673,grouped_same_split
Testing/notumor/Te-no_128.jpg,Training/notumor/Tr-no_1035.jpg,2,1.046875,grouped_same_split
Testing/notumor/Te-no_128.jpg,Training/notumor/Tr-no_211.jpg,2,1.196308,grouped_same_split
Testing/notumor/Te-no_128.jpg,Training/notumor/Tr-no_320.jpg,2,0.541266,grouped_same_split
Testing/notumor/Te-no_129.jpg,Testing/notumor/Te-no_131.jpg,0,1.976485,grouped_same_split
Testing/notumor/Te-no_129.jpg,Testing/notumor/Te-no_147.jpg,0,1.511996,grouped_same_split
Testing/notumor/Te-no_129.jpg,Testing/notumor/Te-no_395.jpg,0,1.23931,grouped_same_split
Testing/notumor/Te-no_129.jpg,Training/notumor/Tr-no_1195.jpg,0,2.010956,grouped_same_split
Testing/notumor/Te-no_129.jpg,Training/notumor/Tr-no_1232.jpg,0,1.972219,grouped_same_split
Testing/notumor/Te-no_129.jpg,Training/notumor/Tr-no_145.jpg,0,1.951875,grouped_same_split
Testing/notumor/Te-no_129.jpg,Training/notumor/Tr-no_892.jpg,0,1.7174,grouped_same_split
Testing/notumor/Te-no_13.jpg,Training/notumor/Tr-no_449.jpg,0,1.464422,grouped_same_split
Testing/notumor/Te-no_130.jpg,Training/notumor/Tr-no_952.jpg,0,2.979217,grouped_same_split
Testing/notumor/Te-no_131.jpg,Testing/notumor/Te-no_147.jpg,0,2.375463,grouped_same_split
Testing/notumor/Te-no_131.jpg,Testing/notumor/Te-no_395.jpg,0,2.127756,grouped_same_split
Testing/notumor/Te-no_131.jpg,Training/notumor/Tr-no_1195.jpg,0,0.910416,grouped_same_split
Testing/notumor/Te-no_131.jpg,Training/notumor/Tr-no_1232.jpg,0,0.896635,grouped_same_split
Testing/notumor/Te-no_131.jpg,Training/notumor/Tr-no_145.jpg,0,0.694566,grouped_same_split
Testing/notumor/Te-no_131.jpg,Training/notumor/Tr-no_892.jpg,0,2.52149,grouped_same_split
Testing/notumor/Te-no_133.jpg,Testing/notumor/Te-no_60.jpg,0,0.683047,grouped_same_split
Testing/notumor/Te-no_133.jpg,Training/notumor/Tr-no_838.jpg,0,1.037858,grouped_same_split
Testing/notumor/Te-no_134.jpg,Testing/notumor/Te-no_58.jpg,0,1.036681,grouped_same_split
Testing/notumor/Te-no_134.jpg,Training/notumor/Tr-no_1203.jpg,0,0.680181,grouped_same_split
Testing/notumor/Te-no_134.jpg,Training/notumor/Tr-no_347.jpg,0,0.679283,grouped_same_split
Testing/notumor/Te-no_134.jpg,Training/notumor/Tr-no_365.jpg,0,1.187706,grouped_same_split
Testing/notumor/Te-no_134.jpg,Training/notumor/Tr-no_386.jpg,0,0.825615,grouped_same_split
Testing/notumor/Te-no_135.jpg,Training/notumor/Tr-no_714.jpg,0,1.423248,grouped_same_split
Testing/notumor/Te-no_135.jpg,Training/notumor/Tr-no_723.jpg,0,1.294803,grouped_same_split
Testing/notumor/Te-no_136.jpg,Training/notumor/Tr-no_903.jpg,0,1.431288,grouped_same_split
Testing/notumor/Te-no_137.jpg,Testing/notumor/Te-no_366.jpg,0,1.096871,grouped_same_split
Testing/notumor/Te-no_137.jpg,Testing/notumor/Te-no_91.jpg,0,0.981146,grouped_same_split
Testing/notumor/Te-no_138.jpg,Training/notumor/Tr-no_1049.jpg,0,0.851813,grouped_same_split
Testing/notumor/Te-no_138.jpg,Training/notumor/Tr-no_85.jpg,0,5.186535,grouped_same_split
Testing/notumor/Te-no_139.jpg,Training/notumor/Tr-no_1078.jpg,0,2.150638,grouped_same_split
Testing/notumor/Te-no_139.jpg,Training/notumor/Tr-no_521.jpg,0,1.718253,grouped_same_split
Testing/notumor/Te-no_14.jpg,Testing/notumor/Te-no_222.jpg,2,0.907596,grouped_same_split
Testing/notumor/Te-no_14.jpg,Training/notumor/Tr-no_1126.jpg,2,1.008267,grouped_same_split
Testing/notumor/Te-no_14.jpg,Training/notumor/Tr-no_694.jpg,2,1.06227,grouped_same_split
Testing/notumor/Te-no_14.jpg,Training/notumor/Tr-no_878.jpg,0,0.562934,grouped_same_split
Testing/notumor/Te-no_140.jpg,Testing/notumor/Te-no_388.jpg,2,1.67297,grouped_same_split
Testing/notumor/Te-no_140.jpg,Training/notumor/Tr-no_1252.jpg,0,1.315844,grouped_same_split
Testing/notumor/Te-no_141.jpg,Testing/notumor/Te-no_42.jpg,0,0.883745,grouped_same_split
Testing/notumor/Te-no_141.jpg,Training/notumor/Tr-no_172.jpg,2,1.732544,grouped_same_split
Testing/notumor/Te-no_142.jpg,Testing/notumor/Te-no_173.jpg,0,0.887054,grouped_same_split
Testing/notumor/Te-no_142.jpg,Training/notumor/Tr-no_1167.jpg,0,0.829745,grouped_same_split
Testing/notumor/Te-no_143.jpg,Training/notumor/Tr-no_609.jpg,0,0.969883,grouped_same_split
Testing/notumor/Te-no_144.jpg,Training/notumor/Tr-no_1153.jpg,0,3.601452,grouped_same_split
Testing/notumor/Te-no_145.jpg,Training/notumor/Tr-no_1108.jpg,0,0.691925,grouped_same_split
Testing/notumor/Te-no_145.jpg,Training/notumor/Tr-no_1150.jpg,0,0.886779,grouped_same_split
Testing/notumor/Te-no_145.jpg,Training/notumor/Tr-no_721.jpg,2,0.702778,grouped_same_split
Testing/notumor/Te-no_145.jpg,Training/notumor/Tr-no_751.jpg,0,1.040207,grouped_same_split
Testing/notumor/Te-no_146.jpg,Testing/notumor/Te-no_83.jpg,0,1.990394,grouped_same_split
Testing/notumor/Te-no_146.jpg,Training/notumor/Tr-no_1017.jpg,0,1.984437,grouped_same_split
Testing/notumor/Te-no_147.jpg,Testing/notumor/Te-no_395.jpg,0,1.652339,grouped_same_split
Testing/notumor/Te-no_147.jpg,Training/notumor/Tr-no_1195.jpg,0,2.368412,grouped_same_split
Testing/notumor/Te-no_147.jpg,Training/notumor/Tr-no_1232.jpg,0,2.319773,grouped_same_split
Testing/notumor/Te-no_147.jpg,Training/notumor/Tr-no_1238.jpg,2,7.587156,grouped_same_split
Testing/notumor/Te-no_147.jpg,Training/notumor/Tr-no_145.jpg,0,2.357201,grouped_same_split
Testing/notumor/Te-no_147.jpg,Training/notumor/Tr-no_892.jpg,0,1.487989,grouped_same_split
Testing/notumor/Te-no_148.jpg,Training/notumor/Tr-no_1204.jpg,0,0.943859,grouped_same_split
Testing/notumor/Te-no_15.jpg,Testing/notumor/Te-no_305.jpg,0,0.972523,grouped_same_split
Testing/notumor/Te-no_15.jpg,Training/notumor/Tr-no_309.jpg,0,0.654574,grouped_same_split
Testing/notumor/Te-no_151.jpg,Testing/notumor/Te-no_393.jpg,0,0.970009,grouped_same_split
Testing/notumor/Te-no_152.jpg,Training/notumor/Tr-no_495.jpg,0,0.78856,grouped_same_split
Testing/notumor/Te-no_153.jpg,Testing/notumor/Te-no_270.jpg,0,1.265721,grouped_same_split
Testing/notumor/Te-no_154.jpg,Training/notumor/Tr-no_971.jpg,0,0.662544,grouped_same_split
Testing/notumor/Te-no_155.jpg,Testing/notumor/Te-no_32.jpg,0,0.850953,grouped_same_split
Testing/notumor/Te-no_155.jpg,Training/notumor/Tr-no_549.jpg,0,0.910416,grouped_same_split
Testing/notumor/Te-no_156.jpg,Training/notumor/Tr-no_1337.jpg,0,0.826354,grouped_same_split
Testing/notumor/Te-no_157.jpg,Testing/notumor/Te-no_75.jpg,2,0.896363,grouped_same_split
Testing/notumor/Te-no_157.jpg,Training/notumor/Tr-no_1313.jpg,2,0.820126,grouped_same_split
Testing/notumor/Te-no_158.jpg,Training/notumor/Tr-no_1053.jpg,2,1.17406,grouped_same_split
Testing/notumor/Te-no_158.jpg,Training/notumor/Tr-no_254.jpg,2,1.162567,grouped_same_split
Testing/notumor/Te-no_16.jpg,Testing/notumor/Te-no_5.jpg,0,0.489639,grouped_same_split
Testing/notumor/Te-no_16.jpg,Training/notumor/Tr-no_302.jpg,0,4.208059,grouped_same_split
Testing/notumor/Te-no_160.jpg,Training/notumor/Tr-no_803.jpg,2,3.087312,grouped_same_split
Testing/notumor/Te-no_161.jpg,Testing/notumor/Te-no_329.jpg,0,2.225617,grouped_same_split
Testing/notumor/Te-no_161.jpg,Testing/notumor/Te-no_71.jpg,0,2.609235,grouped_same_split
Testing/notumor/Te-no_161.jpg,Training/notumor/Tr-no_1338.jpg,0,0.883054,grouped_same_split
Testing/notumor/Te-no_161.jpg,Training/notumor/Tr-no_1355.jpg,0,2.22408,grouped_same_split
Testing/notumor/Te-no_161.jpg,Training/notumor/Tr-no_628.jpg,0,0.747718,grouped_same_split
Testing/notumor/Te-no_162.jpg,Training/notumor/Tr-no_1341.jpg,0,0.775447,grouped_same_split
Testing/notumor/Te-no_162.jpg,Training/notumor/Tr-no_352.jpg,0,0.750325,grouped_same_split
Testing/notumor/Te-no_162.jpg,Training/notumor/Tr-no_443.jpg,0,3.25139,grouped_same_split
Testing/notumor/Te-no_163.jpg,Testing/notumor/Te-no_372.jpg,0,0.629864,grouped_same_split
Testing/notumor/Te-no_163.jpg,Testing/notumor/Te-no_391.jpg,0,2.161565,grouped_same_split
Testing/notumor/Te-no_163.jpg,Training/notumor/Tr-no_1086.jpg,0,0.633535,grouped_same_split
Testing/notumor/Te-no_163.jpg,Training/notumor/Tr-no_1222.jpg,2,1.976794,grouped_same_split
Testing/notumor/Te-no_163.jpg,Training/notumor/Tr-no_184.jpg,0,2.003963,grouped_same_split
Testing/notumor/Te-no_163.jpg,Training/notumor/Tr-no_622.jpg,2,4.52958,grouped_same_split
Testing/notumor/Te-no_163.jpg,Training/notumor/Tr-no_675.jpg,0,0.748044,grouped_same_split
Testing/notumor/Te-no_164.jpg,Testing/notumor/Te-no_349.jpg,0,0.89718,grouped_same_split
Testing/notumor/Te-no_164.jpg,Testing/notumor/Te-no_66.jpg,0,0.429901,grouped_same_split
Testing/notumor/Te-no_164.jpg,Training/notumor/Tr-no_835.jpg,0,1.042318,grouped_same_split
Testing/notumor/Te-no_165.jpg,Testing/notumor/Te-no_34.jpg,2,0.954789,grouped_same_split
Testing/notumor/Te-no_165.jpg,Training/notumor/Tr-no_231.jpg,2,5.248372,grouped_same_split
Testing/notumor/Te-no_166.jpg,Testing/notumor/Te-no_74.jpg,0,1.132139,grouped_same_split
Testing/notumor/Te-no_166.jpg,Training/notumor/Tr-no_1211.jpg,2,3.139187,grouped_same_split
Testing/notumor/Te-no_166.jpg,Training/notumor/Tr-no_314.jpg,2,0.421296,grouped_same_split
Testing/notumor/Te-no_166.jpg,Training/notumor/Tr-no_626.jpg,2,1.319179,grouped_same_split
Testing/notumor/Te-no_166.jpg,Training/notumor/Tr-no_665.jpg,2,1.299226,grouped_same_split
Testing/notumor/Te-no_168.jpg,Testing/notumor/Te-no_211.jpg,2,3.923027,grouped_same_split
Testing/notumor/Te-no_168.jpg,Testing/notumor/Te-no_235.jpg,2,2.160887,grouped_same_split
Testing/notumor/Te-no_168.jpg,Training/notumor/Tr-no_1052.jpg,2,3.962963,grouped_same_split
Testing/notumor/Te-no_169.jpg,Training/notumor/Tr-no_587.jpg,0,1.724706,grouped_same_split
Testing/notumor/Te-no_169.jpg,Training/notumor/Tr-no_696.jpg,0,1.624775,grouped_same_split
Testing/notumor/Te-no_169.jpg,Training/notumor/Tr-no_765.jpg,2,1.807712,grouped_same_split
Testing/notumor/Te-no_17.jpg,Training/notumor/Tr-no_491.jpg,0,1.714198,grouped_same_split
Testing/notumor/Te-no_17.jpg,Training/notumor/Tr-no_991.jpg,0,1.279915,grouped_same_split
Testing/notumor/Te-no_170.jpg,Testing/notumor/Te-no_207.jpg,2,1.459746,grouped_same_split
Testing/notumor/Te-no_170.jpg,Training/notumor/Tr-no_239.jpg,0,4.949599,grouped_same_split
Testing/notumor/Te-no_170.jpg,Training/notumor/Tr-no_404.jpg,2,3.025647,grouped_same_split
Testing/notumor/Te-no_170.jpg,Training/notumor/Tr-no_759.jpg,2,1.523818,grouped_same_split
Testing/notumor/Te-no_171.jpg,Testing/notumor/Te-no_262.jpg,4,1.449171,grouped_same_split
Testing/notumor/Te-no_171.jpg,Testing/notumor/Te-no_397.jpg,2,1.873828,grouped_same_split
Testing/notumor/Te-no_171.jpg,Training/notumor/Tr-no_213.jpg,0,2.022397,grouped_same_split
Testing/notumor/Te-no_172.jpg,Training/notumor/Tr-no_318.jpg,2,0.651583,grouped_same_split
Testing/notumor/Te-no_172.jpg,Training/notumor/Tr-no_54.jpg,4,2.638035,grouped_same_split
Testing/notumor/Te-no_173.jpg,Training/notumor/Tr-no_1167.jpg,0,0.497307,grouped_same_split
Testing/notumor/Te-no_174.jpg,Training/notumor/Tr-no_1022.jpg,0,0.41868,grouped_same_split
Testing/notumor/Te-no_174.jpg,Training/notumor/Tr-no_785.jpg,0,3.779829,grouped_same_split
Testing/notumor/Te-no_174.jpg,Training/notumor/Tr-no_981.jpg,0,0.584425,grouped_same_split
Testing/notumor/Te-no_175.jpg,Testing/notumor/Te-no_327.jpg,0,1.034559,grouped_same_split
Testing/notumor/Te-no_175.jpg,Training/notumor/Tr-no_182.jpg,2,1.436226,grouped_same_split
Testing/notumor/Te-no_175.jpg,Training/notumor/Tr-no_771.jpg,0,1.415594,grouped_same_split
Testing/notumor/Te-no_175.jpg,Training/notumor/Tr-no_815.jpg,4,6.536911,grouped_same_split
Testing/notumor/Te-no_175.jpg,Training/notumor/Tr-no_852.jpg,0,1.148411,grouped_same_split
Testing/notumor/Te-no_176.jpg,Testing/notumor/Te-no_387.jpg,0,0.881256,grouped_same_split
Testing/notumor/Te-no_176.jpg,Training/notumor/Tr-no_1396.jpg,0,0.905037,grouped_same_split
Testing/notumor/Te-no_177.jpg,Testing/notumor/Te-no_256.jpg,4,4.67655,grouped_same_split
Testing/notumor/Te-no_177.jpg,Training/notumor/Tr-no_1035.jpg,2,4.70437,grouped_same_split
Testing/notumor/Te-no_177.jpg,Training/notumor/Tr-no_211.jpg,2,4.629854,grouped_same_split
Testing/notumor/Te-no_177.jpg,Training/notumor/Tr-no_320.jpg,2,4.685468,grouped_same_split
Testing/notumor/Te-no_178.jpg,Training/notumor/Tr-no_680.jpg,2,0.977406,grouped_same_split
Testing/notumor/Te-no_178.jpg,Training/notumor/Tr-no_914.jpg,0,1.04967,grouped_same_split
Testing/notumor/Te-no_18.jpg,Training/notumor/Tr-no_357.jpg,0,0.884712,grouped_same_split
Testing/notumor/Te-no_180.jpg,Testing/notumor/Te-no_88.jpg,2,0.580653,grouped_same_split
Testing/notumor/Te-no_180.jpg,Training/notumor/Tr-no_1050.jpg,2,2.060724,grouped_same_split
Testing/notumor/Te-no_180.jpg,Training/notumor/Tr-no_1297.jpg,0,4.519111,grouped_same_split
Testing/notumor/Te-no_180.jpg,Training/notumor/Tr-no_272.jpg,2,0.726184,grouped_same_split
Testing/notumor/Te-no_180.jpg,Training/notumor/Tr-no_797.jpg,2,0.744282,grouped_same_split
Testing/notumor/Te-no_181.jpg,Testing/notumor/Te-no_368.jpg,2,0.897452,grouped_same_split
Testing/notumor/Te-no_182.jpg,Testing/notumor/Te-no_216.jpg,2,0.903417,grouped_same_split
Testing/notumor/Te-no_182.jpg,Training/notumor/Tr-no_500.jpg,2,0.906923,grouped_same_split
Testing/notumor/Te-no_183.jpg,Training/notumor/Tr-no_259.jpg,2,2.704705,grouped_same_split
Testing/notumor/Te-no_183.jpg,Training/notumor/Tr-no_517.jpg,2,2.089782,grouped_same_split
Testing/notumor/Te-no_184.jpg,Testing/notumor/Te-no_283.jpg,0,1.747277,grouped_same_split
Testing/notumor/Te-no_184.jpg,Testing/notumor/Te-no_338.jpg,0,4.290279,grouped_same_split
Testing/notumor/Te-no_184.jpg,Training/notumor/Tr-no_1.jpg,0,1.840636,grouped_same_split
Testing/notumor/Te-no_184.jpg,Training/notumor/Tr-no_403.jpg,0,1.321953,grouped_same_split
Testing/notumor/Te-no_184.jpg,Training/notumor/Tr-no_690.jpg,0,4.27003,grouped_same_split
Testing/notumor/Te-no_185.jpg,Testing/notumor/Te-no_195.jpg,0,0.607167,grouped_same_split
Testing/notumor/Te-no_185.jpg,Testing/notumor/Te-no_303.jpg,0,1.408072,grouped_same_split
Testing/notumor/Te-no_185.jpg,Testing/notumor/Te-no_89.jpg,0,1.433588,grouped_same_split
Testing/notumor/Te-no_185.jpg,Training/notumor/Tr-no_1356.jpg,0,0.618126,grouped_same_split
Testing/notumor/Te-no_186.jpg,Training/notumor/Tr-no_1174.jpg,2,3.075903,grouped_same_split
Testing/notumor/Te-no_187.jpg,Training/notumor/Tr-no_137.jpg,0,0.481088,grouped_same_split
Testing/notumor/Te-no_188.jpg,Training/notumor/Tr-no_556.jpg,2,1.303822,grouped_same_split
Testing/notumor/Te-no_188.jpg,Training/notumor/Tr-no_739.jpg,2,1.754737,grouped_same_split
Testing/notumor/Te-no_189.jpg,Testing/notumor/Te-no_260.jpg,2,1.457235,grouped_same_split
Testing/notumor/Te-no_189.jpg,Testing/notumor/Te-no_271.jpg,2,2.10387,grouped_same_split
Testing/notumor/Te-no_189.jpg,Training/notumor/Tr-no_241.jpg,0,1.271303,grouped_same_split
Testing/notumor/Te-no_189.jpg,Training/notumor/Tr-no_267.jpg,2,1.26495,grouped_same_split
Testing/notumor/Te-no_189.jpg,Training/notumor/Tr-no_611.jpg,2,2.082878,grouped_same_split
Testing/notumor/Te-no_190.jpg,Testing/notumor/Te-no_200.jpg,0,1.74546,grouped_same_split
Testing/notumor/Te-no_193.jpg,Testing/notumor/Te-no_239.jpg,0,1.042083,grouped_same_split
Testing/notumor/Te-no_193.jpg,Training/notumor/Tr-no_1387.jpg,0,1.195287,grouped_same_split
Testing/notumor/Te-no_195.jpg,Testing/notumor/Te-no_303.jpg,0,1.407378,grouped_same_split
Testing/notumor/Te-no_195.jpg,Testing/notumor/Te-no_89.jpg,0,1.435631,grouped_same_split
Testing/notumor/Te-no_195.jpg,Training/notumor/Tr-no_1356.jpg,0,0.604144,grouped_same_split
Testing/notumor/Te-no_196.jpg,Testing/notumor/Te-no_274.jpg,0,0.639481,grouped_same_split
Testing/notumor/Te-no_196.jpg,Testing/notumor/Te-no_306.jpg,0,0.956832,grouped_same_split
Testing/notumor/Te-no_197.jpg,Testing/notumor/Te-no_353.jpg,0,0.484123,grouped_same_split
Testing/notumor/Te-no_197.jpg,Training/notumor/Tr-no_1362.jpg,2,3.823818,grouped_same_split
Testing/notumor/Te-no_197.jpg,Training/notumor/Tr-no_561.jpg,0,0.563151,grouped_same_split
Testing/notumor/Te-no_198.jpg,Testing/notumor/Te-no_25.jpg,0,1.620034,grouped_same_split
Testing/notumor/Te-no_198.jpg,Testing/notumor/Te-no_85.jpg,0,2.427061,grouped_same_split
Testing/notumor/Te-no_198.jpg,Testing/notumor/Te-no_90.jpg,0,1.30429,grouped_same_split
Testing/notumor/Te-no_198.jpg,Training/notumor/Tr-no_24.jpg,0,2.412735,grouped_same_split
Testing/notumor/Te-no_198.jpg,Training/notumor/Tr-no_469.jpg,0,2.424092,grouped_same_split
Testing/notumor/Te-no_198.jpg,Training/notumor/Tr-no_470.jpg,0,1.764518,grouped_same_split
Testing/notumor/Te-no_198.jpg,Training/notumor/Tr-no_772.jpg,0,2.405235,grouped_same_split
Testing/notumor/Te-no_199.jpg,Testing/notumor/Te-no_370.jpg,0,1.000488,grouped_same_split
Testing/notumor/Te-no_199.jpg,Training/notumor/Tr-no_1399.jpg,0,0.907865,grouped_same_split
Testing/notumor/Te-no_2.jpg,Testing/notumor/Te-no_317.jpg,2,0.844618,grouped_same_split
Testing/notumor/Te-no_2.jpg,Training/notumor/Tr-no_368.jpg,0,0.469531,grouped_same_split
Testing/notumor/Te-no_201.jpg,Training/notumor/Tr-no_1081.jpg,2,1.698963,grouped_same_split
Testing/notumor/Te-no_202.jpg,Testing/notumor/Te-no_382.jpg,2,0.786234,grouped_same_split
Testing/notumor/Te-no_203.jpg,Testing/notumor/Te-no_374.jpg,0,0.860369,grouped_same_split
Testing/notumor/Te-no_204.jpg,Testing/notumor/Te-no_50.jpg,2,0.539459,grouped_same_split
Testing/notumor/Te-no_204.jpg,Training/notumor/Tr-no_191.jpg,2,4.172841,grouped_same_split
Testing/notumor/Te-no_204.jpg,Training/notumor/Tr-no_290.jpg,0,0.377918,grouped_same_split
Testing/notumor/Te-no_205.jpg,Training/notumor/Tr-no_1087.jpg,2,0.722308,grouped_same_split
Testing/notumor/Te-no_205.jpg,Training/notumor/Tr-no_540.jpg,2,0.74264,grouped_same_split
Testing/notumor/Te-no_205.jpg,Training/notumor/Tr-no_96.jpg,2,0.361069,grouped_same_split
Testing/notumor/Te-no_206.jpg,Training/notumor/Tr-no_236.jpg,2,0.511346,grouped_same_split
Testing/notumor/Te-no_207.jpg,Training/notumor/Tr-no_239.jpg,2,4.792267,grouped_same_split
Testing/notumor/Te-no_207.jpg,Training/notumor/Tr-no_404.jpg,4,3.14249,grouped_same_split
Testing/notumor/Te-no_207.jpg,Training/notumor/Tr-no_759.jpg,2,1.233781,grouped_same_split
Testing/notumor/Te-no_208.jpg,Training/notumor/Tr-no_1236.jpg,0,1.692268,grouped_same_split
Testing/notumor/Te-no_208.jpg,Training/notumor/Tr-no_382.jpg,0,1.454972,grouped_same_split
Testing/notumor/Te-no_209.jpg,Training/notumor/Tr-no_1124.jpg,0,0.860085,grouped_same_split
Testing/notumor/Te-no_21.jpg,Testing/notumor/Te-no_213.jpg,0,1.000366,grouped_same_split
Testing/notumor/Te-no_21.jpg,Testing/notumor/Te-no_337.jpg,0,0.88264,grouped_same_split
Testing/notumor/Te-no_210.jpg,Training/notumor/Tr-no_621.jpg,2,1.035974,grouped_same_split
Testing/notumor/Te-no_211.jpg,Testing/notumor/Te-no_235.jpg,0,4.30383,grouped_same_split
Testing/notumor/Te-no_211.jpg,Training/notumor/Tr-no_1052.jpg,0,1.045592,grouped_same_split
Testing/notumor/Te-no_212.jpg,Training/notumor/Tr-no_429.jpg,0,0.842157,grouped_same_split
Testing/notumor/Te-no_213.jpg,Testing/notumor/Te-no_337.jpg,0,0.658108,grouped_same_split
Testing/notumor/Te-no_214.jpg,Training/notumor/Tr-no_1391.jpg,4,6.943498,grouped_same_split
Testing/notumor/Te-no_214.jpg,Training/notumor/Tr-no_202.jpg,2,0.76243,grouped_same_split
Testing/notumor/Te-no_214.jpg,Training/notumor/Tr-no_388.jpg,2,0.777491,grouped_same_split
Testing/notumor/Te-no_214.jpg,Training/notumor/Tr-no_837.jpg,2,0.872485,grouped_same_split
Testing/notumor/Te-no_215.jpg,Training/notumor/Tr-no_446.jpg,0,0.991049,grouped_same_split
Testing/notumor/Te-no_216.jpg,Training/notumor/Tr-no_500.jpg,0,0.209631,grouped_same_split
Testing/notumor/Te-no_218.jpg,Training/notumor/Tr-no_1359.jpg,0,2.523571,grouped_same_split
Testing/notumor/Te-no_219.jpg,Training/notumor/Tr-no_146.jpg,0,0.946442,grouped_same_split
Testing/notumor/Te-no_219.jpg,Training/notumor/Tr-no_793.jpg,2,1.162357,grouped_same_split
Testing/notumor/Te-no_220.jpg,Training/notumor/Tr-no_1032.jpg,2,1.509572,grouped_same_split
Testing/notumor/Te-no_220.jpg,Training/notumor/Tr-no_510.jpg,2,1.287618,grouped_same_split
Testing/notumor/Te-no_220.jpg,Training/notumor/Tr-no_730.jpg,2,0.664384,grouped_same_split
Testing/notumor/Te-no_221.jpg,Training/notumor/Tr-no_560.jpg,2,4.099561,grouped_same_split
Testing/notumor/Te-no_221.jpg,Training/notumor/Tr-no_958.jpg,0,0.494353,grouped_same_split
Testing/notumor/Te-no_222.jpg,Training/notumor/Tr-no_1126.jpg,0,0.670602,grouped_same_split
Testing/notumor/Te-no_222.jpg,Training/notumor/Tr-no_694.jpg,0,0.707452,grouped_same_split
Testing/notumor/Te-no_222.jpg,Training/notumor/Tr-no_878.jpg,2,0.795802,grouped_same_split
Testing/notumor/Te-no_223.jpg,Testing/notumor/Te-no_59.jpg,0,0.663097,grouped_same_split
Testing/notumor/Te-no_223.jpg,Training/notumor/Tr-no_1144.jpg,0,0.636611,grouped_same_split
Testing/notumor/Te-no_223.jpg,Training/notumor/Tr-no_287.jpg,2,2.392411,grouped_same_split
Testing/notumor/Te-no_223.jpg,Training/notumor/Tr-no_41.jpg,2,5.224384,grouped_same_split
Testing/notumor/Te-no_224.jpg,Testing/notumor/Te-no_386.jpg,2,0.959889,grouped_same_split
Testing/notumor/Te-no_225.jpg,Training/notumor/Tr-no_1041.jpg,2,3.067638,grouped_same_split
Testing/notumor/Te-no_225.jpg,Training/notumor/Tr-no_924.jpg,4,3.093277,grouped_same_split
Testing/notumor/Te-no_226.jpg,Testing/notumor/Te-no_320.jpg,0,0.956577,grouped_same_split
Testing/notumor/Te-no_226.jpg,Testing/notumor/Te-no_340.jpg,0,0.707107,grouped_same_split
Testing/notumor/Te-no_228.jpg,Training/notumor/Tr-no_117.jpg,0,0.998779,grouped_same_split
Testing/notumor/Te-no_228.jpg,Training/notumor/Tr-no_687.jpg,0,0.99228,grouped_same_split
Testing/notumor/Te-no_228.jpg,Training/notumor/Tr-no_929.jpg,0,1.145751,grouped_same_split
Testing/notumor/Te-no_229.jpg,Training/notumor/Tr-no_1128.jpg,0,0.930049,grouped_same_split
Testing/notumor/Te-no_231.jpg,Training/notumor/Tr-no_379.jpg,2,3.567568,grouped_same_split
Testing/notumor/Te-no_231.jpg,Training/notumor/Tr-no_804.jpg,0,3.139498,grouped_same_split
Testing/notumor/Te-no_231.jpg,Training/notumor/Tr-no_870.jpg,0,0.639672,grouped_same_split
Testing/notumor/Te-no_232.jpg,Testing/notumor/Te-no_369.jpg,0,0.741817,grouped_same_split
Testing/notumor/Te-no_232.jpg,Testing/notumor/Te-no_392.jpg,2,4.385033,grouped_same_split
Testing/notumor/Te-no_232.jpg,Training/notumor/Tr-no_595.jpg,2,4.406084,grouped_same_split
Testing/notumor/Te-no_232.jpg,Training/notumor/Tr-no_597.jpg,2,4.056486,grouped_same_split
Testing/notumor/Te-no_233.jpg,Testing/notumor/Te-no_278.jpg,2,2.743378,grouped_same_split
Testing/notumor/Te-no_233.jpg,Training/notumor/Tr-no_227.jpg,2,1.028049,grouped_same_split
Testing/notumor/Te-no_234.jpg,Training/notumor/Tr-no_1098.jpg,0,0.927551,grouped_same_split
Testing/notumor/Te-no_235.jpg,Training/notumor/Tr-no_1052.jpg,0,4.314594,grouped_same_split
Testing/notumor/Te-no_236.jpg,Testing/notumor/Te-no_345.jpg,0,1.569127,grouped_same_split
Testing/notumor/Te-no_236.jpg,Training/notumor/Tr-no_306.jpg,0,1.446895,grouped_same_split
Testing/notumor/Te-no_236.jpg,Training/notumor/Tr-no_761.jpg,0,1.276191,grouped_same_split
Testing/notumor/Te-no_237.jpg,Training/notumor/Tr-no_1268.jpg,0,0.661807,grouped_same_split
Testing/notumor/Te-no_238.jpg,Training/notumor/Tr-no_188.jpg,0,0.837068,grouped_same_split
Testing/notumor/Te-no_238.jpg,Training/notumor/Tr-no_319.jpg,2,1.108494,grouped_same_split
Testing/notumor/Te-no_238.jpg,Training/notumor/Tr-no_950.jpg,2,0.880978,grouped_same_split
Testing/notumor/Te-no_239.jpg,Training/notumor/Tr-no_1387.jpg,0,0.726856,grouped_same_split
Testing/notumor/Te-no_24.jpg,Testing/notumor/Te-no_396.jpg,0,1.214737,grouped_same_split
Testing/notumor/Te-no_24.jpg,Training/notumor/Tr-no_11.jpg,0,1.041146,grouped_same_split
Testing/notumor/Te-no_24.jpg,Training/notumor/Tr-no_1193.jpg,4,6.728118,grouped_same_split
Testing/notumor/Te-no_24.jpg,Training/notumor/Tr-no_19.jpg,0,1.591834,grouped_same_split
Testing/notumor/Te-no_24.jpg,Training/notumor/Tr-no_334.jpg,0,1.181936,grouped_same_split
Testing/notumor/Te-no_24.jpg,Training/notumor/Tr-no_447.jpg,0,1.576267,grouped_same_split
Testing/notumor/Te-no_24.jpg,Training/notumor/Tr-no_499.jpg,0,1.144685,grouped_same_split
Testing/notumor/Te-no_24.jpg,Training/notumor/Tr-no_546.jpg,4,6.521,grouped_same_split
Testing/notumor/Te-no_24.jpg,Training/notumor/Tr-no_651.jpg,0,1.548058,grouped_same_split
Testing/notumor/Te-no_24.jpg,Training/notumor/Tr-no_716.jpg,0,1.556943,grouped_same_split
Testing/notumor/Te-no_24.jpg,Training/notumor/Tr-no_986.jpg,0,1.562109,grouped_same_split
Testing/notumor/Te-no_240.jpg,Training/notumor/Tr-no_1116.jpg,0,0.732544,grouped_same_split
Testing/notumor/Te-no_240.jpg,Training/notumor/Tr-no_342.jpg,2,6.241107,grouped_same_split
Testing/notumor/Te-no_241.jpg,Training/notumor/Tr-no_99.jpg,0,0.961287,grouped_same_split
Testing/notumor/Te-no_242.jpg,Testing/notumor/Te-no_266.jpg,2,0.940101,grouped_same_split
Testing/notumor/Te-no_242.jpg,Training/notumor/Tr-no_1364.jpg,0,1.134831,grouped_same_split
Testing/notumor/Te-no_242.jpg,Training/notumor/Tr-no_50.jpg,2,0.686256,grouped_same_split
Testing/notumor/Te-no_242.jpg,Training/notumor/Tr-no_799.jpg,0,1.133432,grouped_same_split
Testing/notumor/Te-no_242.jpg,Training/notumor/Tr-no_876.jpg,0,1.150323,grouped_same_split
Testing/notumor/Te-no_243.jpg,Training/notumor/Tr-no_1230.jpg,2,1.383761,grouped_same_split
Testing/notumor/Te-no_243.jpg,Training/notumor/Tr-no_1282.jpg,2,2.510282,grouped_same_split
Testing/notumor/Te-no_243.jpg,Training/notumor/Tr-no_425.jpg,2,1.721872,grouped_same_split
Testing/notumor/Te-no_243.jpg,Training/notumor/Tr-no_558.jpg,2,2.511546,grouped_same_split
Testing/notumor/Te-no_243.jpg,Training/notumor/Tr-no_740.jpg,2,1.88817,grouped_same_split
Testing/notumor/Te-no_244.jpg,Testing/notumor/Te-no_390.jpg,0,0.871225,grouped_same_split
Testing/notumor/Te-no_244.jpg,Training/notumor/Tr-no_1010.jpg,0,0.867715,grouped_same_split
Testing/notumor/Te-no_245.jpg,Training/notumor/Tr-no_359.jpg,2,5.274589,grouped_same_split
Testing/notumor/Te-no_245.jpg,Training/notumor/Tr-no_655.jpg,0,0.938151,grouped_same_split
Testing/notumor/Te-no_246.jpg,Training/notumor/Tr-no_159.jpg,0,4.905927,grouped_same_split
Testing/notumor/Te-no_248.jpg,Training/notumor/Tr-no_1381.jpg,0,0.544862,grouped_same_split
Testing/notumor/Te-no_249.jpg,Testing/notumor/Te-no_261.jpg,0,0.643667,grouped_same_split
Testing/notumor/Te-no_249.jpg,Training/notumor/Tr-no_271.jpg,0,1.012133,grouped_same_split
Testing/notumor/Te-no_25.jpg,Testing/notumor/Te-no_85.jpg,0,2.120975,grouped_same_split
Testing/notumor/Te-no_25.jpg,Testing/notumor/Te-no_90.jpg,0,1.418351,grouped_same_split
Testing/notumor/Te-no_25.jpg,Training/notumor/Tr-no_24.jpg,0,2.081822,grouped_same_split
Testing/notumor/Te-no_25.jpg,Training/notumor/Tr-no_469.jpg,0,2.094857,grouped_same_split
Testing/notumor/Te-no_25.jpg,Training/notumor/Tr-no_470.jpg,0,1.423248,grouped_same_split
Testing/notumor/Te-no_25.jpg,Training/notumor/Tr-no_772.jpg,0,2.062382,grouped_same_split
Testing/notumor/Te-no_250.jpg,Training/notumor/Tr-no_501.jpg,0,1.318532,grouped_same_split
Testing/notumor/Te-no_253.jpg,Training/notumor/Tr-no_119.jpg,0,1.024123,grouped_same_split
Testing/notumor/Te-no_253.jpg,Training/notumor/Tr-no_88.jpg,0,0.996576,grouped_same_split
Testing/notumor/Te-no_254.jpg,Training/notumor/Tr-no_401.jpg,0,0.832975,grouped_same_split
Testing/notumor/Te-no_256.jpg,Training/notumor/Tr-no_1035.jpg,2,1.026623,grouped_same_split
Testing/notumor/Te-no_256.jpg,Training/notumor/Tr-no_211.jpg,2,1.187089,grouped_same_split
Testing/notumor/Te-no_256.jpg,Training/notumor/Tr-no_320.jpg,2,0.518694,grouped_same_split
Testing/notumor/Te-no_257.jpg,Training/notumor/Tr-no_1157.jpg,0,1.503414,grouped_same_split
Testing/notumor/Te-no_257.jpg,Training/notumor/Tr-no_631.jpg,0,1.648345,grouped_same_split
Testing/notumor/Te-no_258.jpg,Training/notumor/Tr-no_139.jpg,2,1.222251,grouped_same_split
Testing/notumor/Te-no_258.jpg,Training/notumor/Tr-no_143.jpg,2,1.227831,grouped_same_split
Testing/notumor/Te-no_258.jpg,Training/notumor/Tr-no_175.jpg,2,0.868137,grouped_same_split
Testing/notumor/Te-no_259.jpg,Training/notumor/Tr-no_294.jpg,0,0.741159,grouped_same_split
Testing/notumor/Te-no_260.jpg,Testing/notumor/Te-no_271.jpg,0,1.95031,grouped_same_split
Testing/notumor/Te-no_260.jpg,Training/notumor/Tr-no_241.jpg,2,1.572623,grouped_same_split
Testing/notumor/Te-no_260.jpg,Training/notumor/Tr-no_267.jpg,2,1.145857,grouped_same_split
Testing/notumor/Te-no_260.jpg,Training/notumor/Tr-no_611.jpg,2,1.951312,grouped_same_split
Testing/notumor/Te-no_261.jpg,Training/notumor/Tr-no_271.jpg,0,0.890899,grouped_same_split
Testing/notumor/Te-no_262.jpg,Testing/notumor/Te-no_397.jpg,2,1.668879,grouped_same_split
Testing/notumor/Te-no_262.jpg,Training/notumor/Tr-no_213.jpg,4,1.898229,grouped_same_split
Testing/notumor/Te-no_263.jpg,Testing/notumor/Te-no_318.jpg,0,1.815528,grouped_same_split
Testing/notumor/Te-no_264.jpg,Testing/notumor/Te-no_68.jpg,0,3.329958,grouped_same_split
Testing/notumor/Te-no_265.jpg,Training/notumor/Tr-no_498.jpg,0,1.510704,grouped_same_split
Testing/notumor/Te-no_266.jpg,Training/notumor/Tr-no_1364.jpg,2,1.303822,grouped_same_split
Testing/notumor/Te-no_266.jpg,Training/notumor/Tr-no_50.jpg,0,1.021617,grouped_same_split
Testing/notumor/Te-no_266.jpg,Training/notumor/Tr-no_799.jpg,2,1.327114,grouped_same_split
Testing/notumor/Te-no_266.jpg,Training/notumor/Tr-no_876.jpg,2,1.324167,grouped_same_split
Testing/notumor/Te-no_267.jpg,Training/notumor/Tr-no_324.jpg,0,1.822306,grouped_same_split
Testing/notumor/Te-no_267.jpg,Training/notumor/Tr-no_570.jpg,0,2.505268,grouped_same_split
Testing/notumor/Te-no_268.jpg,Training/notumor/Tr-no_1225.jpg,2,1.014422,grouped_same_split
Testing/notumor/Te-no_269.jpg,Training/notumor/Tr-no_1280.jpg,0,0.986728,grouped_same_split
Testing/notumor/Te-no_269.jpg,Training/notumor/Tr-no_264.jpg,0,0.986233,grouped_same_split
Testing/notumor/Te-no_27.jpg,Testing/notumor/Te-no_64.jpg,0,0.988088,grouped_same_split
Testing/notumor/Te-no_27.jpg,Training/notumor/Tr-no_896.jpg,0,0.972648,grouped_same_split
Testing/notumor/Te-no_271.jpg,Training/notumor/Tr-no_241.jpg,2,2.263523,grouped_same_split
Testing/notumor/Te-no_271.jpg,Training/notumor/Tr-no_267.jpg,2,1.786451,grouped_same_split
Testing/notumor/Te-no_271.jpg,Training/notumor/Tr-no_611.jpg,2,0.576645,grouped_same_split
Testing/notumor/Te-no_272.jpg,Testing/notumor/Te-no_79.jpg,0,0.895137,grouped_same_split
Testing/notumor/Te-no_273.jpg,Training/notumor/Tr-no_618.jpg,0,0.900981,grouped_same_split
Testing/notumor/Te-no_274.jpg,Testing/notumor/Te-no_306.jpg,0,1.00256,grouped_same_split
Testing/notumor/Te-no_275.jpg,Training/notumor/Tr-no_322.jpg,0,1.249218,grouped_same_split
Testing/notumor/Te-no_275.jpg,Training/notumor/Tr-no_709.jpg,2,0.85396,grouped_same_split
Testing/notumor/Te-no_276.jpg,Testing/notumor/Te-no_46.jpg,0,1.142015,grouped_same_split
Testing/notumor/Te-no_276.jpg,Training/notumor/Tr-no_1029.jpg,0,0.509432,grouped_same_split
Testing/notumor/Te-no_276.jpg,Training/notumor/Tr-no_1256.jpg,0,1.160781,grouped_same_split
Testing/notumor/Te-no_276.jpg,Training/notumor/Tr-no_253.jpg,2,0.511585,grouped_same_split
Testing/notumor/Te-no_276.jpg,Training/notumor/Tr-no_476.jpg,2,5.022435,grouped_same_split
Testing/notumor/Te-no_277.jpg,Training/notumor/Tr-no_1133.jpg,0,0.938801,grouped_same_split
Testing/notumor/Te-no_277.jpg,Training/notumor/Tr-no_1272.jpg,2,1.123914,grouped_same_split
Testing/notumor/Te-no_278.jpg,Training/notumor/Tr-no_227.jpg,2,2.760368,grouped_same_split
Testing/notumor/Te-no_28.jpg,Training/notumor/Tr-no_1284.jpg,2,1.257885,grouped_same_split
Testing/notumor/Te-no_280.jpg,Testing/notumor/Te-no_343.jpg,0,0.902876,grouped_same_split
Testing/notumor/Te-no_281.jpg,Training/notumor/Tr-no_1346.jpg,2,1.017666,grouped_same_split
Testing/notumor/Te-no_281.jpg,Training/notumor/Tr-no_1347.jpg,0,1.176138,grouped_same_split
Testing/notumor/Te-no_281.jpg,Training/notumor/Tr-no_61.jpg,0,1.015144,grouped_same_split
Testing/notumor/Te-no_281.jpg,Training/notumor/Tr-no_748.jpg,0,0.981767,grouped_same_split
Testing/notumor/Te-no_282.jpg,Testing/notumor/Te-no_326.jpg,2,1.559372,grouped_same_split
Testing/notumor/Te-no_282.jpg,Testing/notumor/Te-no_57.jpg,2,1.302604,grouped_same_split
Testing/notumor/Te-no_282.jpg,Training/notumor/Tr-no_1294.jpg,2,1.312686,grouped_same_split
Testing/notumor/Te-no_283.jpg,Testing/notumor/Te-no_338.jpg,0,4.177109,grouped_same_split
Testing/notumor/Te-no_283.jpg,Training/notumor/Tr-no_1.jpg,0,1.496904,grouped_same_split
Testing/notumor/Te-no_283.jpg,Training/notumor/Tr-no_403.jpg,0,1.545138,grouped_same_split
Testing/notumor/Te-no_283.jpg,Training/notumor/Tr-no_690.jpg,0,4.144957,grouped_same_split
Testing/notumor/Te-no_284.jpg,Training/notumor/Tr-no_1127.jpg,0,1.639509,grouped_same_split
Testing/notumor/Te-no_285.jpg,Testing/notumor/Te-no_344.jpg,0,1.260212,grouped_same_split
Testing/notumor/Te-no_285.jpg,Training/notumor/Tr-no_1039.jpg,0,1.230214,grouped_same_split
Testing/notumor/Te-no_285.jpg,Training/notumor/Tr-no_1051.jpg,0,0.903011,grouped_same_split
Testing/notumor/Te-no_285.jpg,Training/notumor/Tr-no_1091.jpg,0,1.251659,grouped_same_split
Testing/notumor/Te-no_285.jpg,Training/notumor/Tr-no_199.jpg,2,0.827093,grouped_same_split
Testing/notumor/Te-no_285.jpg,Training/notumor/Tr-no_538.jpg,0,0.91055,grouped_same_split
Testing/notumor/Te-no_285.jpg,Training/notumor/Tr-no_715.jpg,0,1.226637,grouped_same_split
Testing/notumor/Te-no_285.jpg,Training/notumor/Tr-no_936.jpg,0,4.517706,grouped_same_split
Testing/notumor/Te-no_286.jpg,Testing/notumor/Te-no_346.jpg,0,0.330719,grouped_same_split
Testing/notumor/Te-no_286.jpg,Training/notumor/Tr-no_444.jpg,0,0.720954,grouped_same_split
Testing/notumor/Te-no_287.jpg,Training/notumor/Tr-no_367.jpg,0,1.689669,grouped_same_split
Testing/notumor/Te-no_288.jpg,Training/notumor/Tr-no_1350.jpg,0,0.986976,grouped_same_split
Testing/notumor/Te-no_288.jpg,Training/notumor/Tr-no_1367.jpg,0,0.973527,grouped_same_split
Testing/notumor/Te-no_289.jpg,Testing/notumor/Te-no_350.jpg,0,0.971644,grouped_same_split
Testing/notumor/Te-no_289.jpg,Training/notumor/Tr-no_775.jpg,0,0.955172,grouped_same_split
Testing/notumor/Te-no_29.jpg,Testing/notumor/Te-no_352.jpg,2,0.610176,grouped_same_split
Testing/notumor/Te-no_290.jpg,Training/notumor/Tr-no_72.jpg,0,0.905846,grouped_same_split
Testing/notumor/Te-no_291.jpg,Training/notumor/Tr-no_1185.jpg,0,1.468418,grouped_same_split
Testing/notumor/Te-no_292.jpg,Testing/notumor/Te-no_87.jpg,0,1.022334,grouped_same_split
Testing/notumor/Te-no_292.jpg,Training/notumor/Tr-no_1361.jpg,2,1.149898,grouped_same_split
Testing/notumor/Te-no_293.jpg,Training/notumor/Tr-no_968.jpg,2,0.640625,grouped_same_split
Testing/notumor/Te-no_294.jpg,Training/notumor/Tr-no_1328.jpg,0,0.99228,grouped_same_split
Testing/notumor/Te-no_294.jpg,Training/notumor/Tr-no_554.jpg,0,0.69947,grouped_same_split
Testing/notumor/Te-no_295.jpg,Training/notumor/Tr-no_1316.jpg,0,0.681436,grouped_same_split
Testing/notumor/Te-no_295.jpg,Training/notumor/Tr-no_701.jpg,0,0.925443,grouped_same_split
Testing/notumor/Te-no_295.jpg,Training/notumor/Tr-no_867.jpg,0,0.834293,grouped_same_split
Testing/notumor/Te-no_295.jpg,Training/notumor/Tr-no_984.jpg,0,0.703646,grouped_same_split
Testing/notumor/Te-no_296.jpg,Testing/notumor/Te-no_360.jpg,0,1.494292,grouped_same_split
Testing/notumor/Te-no_296.jpg,Training/notumor/Tr-no_1076.jpg,0,1.818417,grouped_same_split
Testing/notumor/Te-no_296.jpg,Training/notumor/Tr-no_780.jpg,0,1.596734,grouped_same_split
Testing/notumor/Te-no_298.jpg,Testing/notumor/Te-no_319.jpg,2,1.662283,grouped_same_split
Testing/notumor/Te-no_298.jpg,Training/notumor/Tr-no_1296.jpg,0,0.600903,grouped_same_split
Testing/notumor/Te-no_299.jpg,Testing/notumor/Te-no_312.jpg,0,0.924387,grouped_same_split
Testing/notumor/Te-no_299.jpg,Training/notumor/Tr-no_1389.jpg,0,0.878203,grouped_same_split
Testing/notumor/Te-no_300.jpg,Testing/notumor/Te-no_99.jpg,0,2.702357,grouped_same_split
Testing/notumor/Te-no_300.jpg,Training/notumor/Tr-no_1123.jpg,0,2.2973,grouped_same_split
Testing/notumor/Te-no_300.jpg,Training/notumor/Tr-no_149.jpg,0,1.83499,grouped_same_split
Testing/notumor/Te-no_301.jpg,Testing/notumor/Te-no_308.jpg,0,0.946313,grouped_same_split
Testing/notumor/Te-no_301.jpg,Training/notumor/Tr-no_974.jpg,0,0.946313,grouped_same_split
Testing/notumor/Te-no_302.jpg,Training/notumor/Tr-no_1064.jpg,2,1.452285,grouped_same_split
Testing/notumor/Te-no_302.jpg,Training/notumor/Tr-no_762.jpg,2,1.377749,grouped_same_split
Testing/notumor/Te-no_303.jpg,Testing/notumor/Te-no_89.jpg,0,0.971141,grouped_same_split
Testing/notumor/Te-no_303.jpg,Training/notumor/Tr-no_1356.jpg,0,1.405555,grouped_same_split
Testing/notumor/Te-no_304.jpg,Training/notumor/Tr-no_293.jpg,0,1.038093,grouped_same_split
Testing/notumor/Te-no_304.jpg,Training/notumor/Tr-no_885.jpg,2,1.384202,grouped_same_split
Testing/notumor/Te-no_305.jpg,Training/notumor/Tr-no_309.jpg,0,0.885953,grouped_same_split
Testing/notumor/Te-no_308.jpg,Training/notumor/Tr-no_974.jpg,0,0.252913,grouped_same_split
Testing/notumor/Te-no_309.jpg,Training/notumor/Tr-no_1190.jpg,2,1.612785,grouped_same_split
Testing/notumor/Te-no_309.jpg,Training/notumor/Tr-no_204.jpg,2,2.854162,grouped_same_split
Testing/notumor/Te-no_309.jpg,Training/notumor/Tr-no_243.jpg,2,1.858259,grouped_same_split
Testing/notumor/Te-no_309.jpg,Training/notumor/Tr-no_304.jpg,2,0.427337,grouped_same_split
Testing/notumor/Te-no_309.jpg,Training/notumor/Tr-no_718.jpg,4,1.661989,grouped_same_split
Testing/notumor/Te-no_309.jpg,Training/notumor/Tr-no_847.jpg,2,1.646418,grouped_same_split
Testing/notumor/Te-no_31.jpg,Training/notumor/Tr-no_1075.jpg,2,0.645371,grouped_same_split
Testing/notumor/Te-no_31.jpg,Training/notumor/Tr-no_1266.jpg,2,3.701377,grouped_same_split
Testing/notumor/Te-no_31.jpg,Training/notumor/Tr-no_1330.jpg,0,0.65177,grouped_same_split
Testing/notumor/Te-no_310.jpg,Training/notumor/Tr-no_641.jpg,0,0.775447,grouped_same_split
Testing/notumor/Te-no_311.jpg,Training/notumor/Tr-no_114.jpg,0,1.5625,grouped_same_split
Testing/notumor/Te-no_312.jpg,Training/notumor/Tr-no_1389.jpg,0,0.862494,grouped_same_split
Testing/notumor/Te-no_314.jpg,Training/notumor/Tr-no_220.jpg,0,1.044891,grouped_same_split
Testing/notumor/Te-no_314.jpg,Training/notumor/Tr-no_666.jpg,0,1.000122,grouped_same_split
Testing/notumor/Te-no_314.jpg,Training/notumor/Tr-no_890.jpg,0,0.894318,grouped_same_split
Testing/notumor/Te-no_316.jpg,Training/notumor/Tr-no_1314.jpg,0,0.879175,grouped_same_split
Testing/notumor/Te-no_316.jpg,Training/notumor/Tr-no_49.jpg,0,3.779248,grouped_same_split
Testing/notumor/Te-no_317.jpg,Training/notumor/Tr-no_368.jpg,2,0.880424,grouped_same_split
Testing/notumor/Te-no_319.jpg,Training/notumor/Tr-no_1296.jpg,2,1.666756,grouped_same_split
Testing/notumor/Te-no_32.jpg,Training/notumor/Tr-no_549.jpg,0,0.898268,grouped_same_split
Testing/notumor/Te-no_320.jpg,Testing/notumor/Te-no_340.jpg,0,1.103306,grouped_same_split
Testing/notumor/Te-no_321.jpg,Training/notumor/Tr-no_1301.jpg,0,0.879592,grouped_same_split
Testing/notumor/Te-no_321.jpg,Training/notumor/Tr-no_851.jpg,0,0.364099,grouped_same_split
Testing/notumor/Te-no_322.jpg,Testing/notumor/Te-no_61.jpg,2,2.892947,grouped_same_split
Testing/notumor/Te-no_322.jpg,Training/notumor/Tr-no_1083.jpg,0,0.681436,grouped_same_split
Testing/notumor/Te-no_322.jpg,Training/notumor/Tr-no_1170.jpg,2,2.576088,grouped_same_split
Testing/notumor/Te-no_322.jpg,Training/notumor/Tr-no_1220.jpg,2,2.7582,grouped_same_split
Testing/notumor/Te-no_322.jpg,Training/notumor/Tr-no_1244.jpg,2,2.617456,grouped_same_split
Testing/notumor/Te-no_322.jpg,Training/notumor/Tr-no_1304.jpg,0,0.623827,grouped_same_split
Testing/notumor/Te-no_322.jpg,Training/notumor/Tr-no_559.jpg,2,2.182752,grouped_same_split
Testing/notumor/Te-no_322.jpg,Training/notumor/Tr-no_620.jpg,2,2.306898,grouped_same_split
Testing/notumor/Te-no_322.jpg,Training/notumor/Tr-no_841.jpg,2,5.533589,grouped_same_split
Testing/notumor/Te-no_322.jpg,Training/notumor/Tr-no_955.jpg,2,2.151546,grouped_same_split
Testing/notumor/Te-no_324.jpg,Training/notumor/Tr-no_1061.jpg,0,1.037034,grouped_same_split
Testing/notumor/Te-no_324.jpg,Training/notumor/Tr-no_1082.jpg,0,1.033851,grouped_same_split
Testing/notumor/Te-no_324.jpg,Training/notumor/Tr-no_340.jpg,0,1.204849,grouped_same_split
Testing/notumor/Te-no_324.jpg,Training/notumor/Tr-no_855.jpg,0,1.017306,grouped_same_split
Testing/notumor/Te-no_325.jpg,Training/notumor/Tr-no_364.jpg,0,0.92214,grouped_same_split
Testing/notumor/Te-no_325.jpg,Training/notumor/Tr-no_845.jpg,0,1.000854,grouped_same_split
Testing/notumor/Te-no_326.jpg,Testing/notumor/Te-no_57.jpg,0,1.164246,grouped_same_split
Testing/notumor/Te-no_326.jpg,Training/notumor/Tr-no_1294.jpg,0,1.591911,grouped_same_split
Testing/notumor/Te-no_327.jpg,Training/notumor/Tr-no_182.jpg,2,1.163092,grouped_same_split
Testing/notumor/Te-no_327.jpg,Training/notumor/Tr-no_771.jpg,0,1.17406,grouped_same_split
Testing/notumor/Te-no_327.jpg,Training/notumor/Tr-no_815.jpg,4,6.622401,grouped_same_split
Testing/notumor/Te-no_327.jpg,Training/notumor/Tr-no_852.jpg,0,0.781875,grouped_same_split
Testing/notumor/Te-no_329.jpg,Testing/notumor/Te-no_71.jpg,0,1.934284,grouped_same_split
Testing/notumor/Te-no_329.jpg,Training/notumor/Tr-no_1338.jpg,0,2.230329,grouped_same_split
Testing/notumor/Te-no_329.jpg,Training/notumor/Tr-no_1355.jpg,0,1.619281,grouped_same_split
Testing/notumor/Te-no_329.jpg,Training/notumor/Tr-no_283.jpg,2,7.643005,grouped_same_split
Testing/notumor/Te-no_329.jpg,Training/notumor/Tr-no_628.jpg,0,2.244187,grouped_same_split
Testing/notumor/Te-no_33.jpg,Training/notumor/Tr-no_1151.jpg,2,1.400509,grouped_same_split
Testing/notumor/Te-no_33.jpg,Training/notumor/Tr-no_1315.jpg,0,2.00652,grouped_same_split
Testing/notumor/Te-no_33.jpg,Training/notumor/Tr-no_270.jpg,0,1.998901,grouped_same_split
Testing/notumor/Te-no_330.jpg,Training/notumor/Tr-no_1250.jpg,0,0.543292,grouped_same_split
Testing/notumor/Te-no_330.jpg,Training/notumor/Tr-no_345.jpg,2,3.122303,grouped_same_split
Testing/notumor/Te-no_330.jpg,Training/notumor/Tr-no_673.jpg,0,0.610576,grouped_same_split
Testing/notumor/Te-no_332.jpg,Training/notumor/Tr-no_1002.jpg,2,0.90988,grouped_same_split
Testing/notumor/Te-no_332.jpg,Training/notumor/Tr-no_1281.jpg,0,0.620688,grouped_same_split
Testing/notumor/Te-no_332.jpg,Training/notumor/Tr-no_1306.jpg,2,0.914697,grouped_same_split
Testing/notumor/Te-no_333.jpg,Training/notumor/Tr-no_205.jpg,0,1.110585,grouped_same_split
Testing/notumor/Te-no_333.jpg,Training/notumor/Tr-no_663.jpg,0,1.521012,grouped_same_split
Testing/notumor/Te-no_334.jpg,Training/notumor/Tr-no_1071.jpg,0,1.472154,grouped_same_split
Testing/notumor/Te-no_334.jpg,Training/notumor/Tr-no_1138.jpg,0,1.556551,grouped_same_split
Testing/notumor/Te-no_335.jpg,Training/notumor/Tr-no_943.jpg,2,1.999817,grouped_same_split
Testing/notumor/Te-no_336.jpg,Training/notumor/Tr-no_1084.jpg,0,0.594572,grouped_same_split
Testing/notumor/Te-no_336.jpg,Training/notumor/Tr-no_1340.jpg,2,6.649608,grouped_same_split
Testing/notumor/Te-no_336.jpg,Training/notumor/Tr-no_704.jpg,0,1.277338,grouped_same_split
Testing/notumor/Te-no_336.jpg,Training/notumor/Tr-no_994.jpg,2,1.280202,grouped_same_split
Testing/notumor/Te-no_338.jpg,Training/notumor/Tr-no_1.jpg,0,4.271831,grouped_same_split
Testing/notumor/Te-no_338.jpg,Training/notumor/Tr-no_403.jpg,0,4.268714,grouped_same_split
Testing/notumor/Te-no_338.jpg,Training/notumor/Tr-no_690.jpg,0,0.737526,grouped_same_split
Testing/notumor/Te-no_339.jpg,Training/notumor/Tr-no_1008.jpg,0,0.679643,grouped_same_split
Testing/notumor/Te-no_339.jpg,Training/notumor/Tr-no_187.jpg,0,3.390589,grouped_same_split
Testing/notumor/Te-no_339.jpg,Training/notumor/Tr-no_508.jpg,0,0.654387,grouped_same_split
Testing/notumor/Te-no_339.jpg,Training/notumor/Tr-no_637.jpg,0,3.640357,grouped_same_split
Testing/notumor/Te-no_34.jpg,Training/notumor/Tr-no_231.jpg,2,5.3085,grouped_same_split
Testing/notumor/Te-no_342.jpg,Training/notumor/Tr-no_1136.jpg,0,0.457682,grouped_same_split
Testing/notumor/Te-no_342.jpg,Training/notumor/Tr-no_480.jpg,0,1.145431,grouped_same_split
Testing/notumor/Te-no_344.jpg,Training/notumor/Tr-no_1039.jpg,0,0.53033,grouped_same_split
Testing/notumor/Te-no_344.jpg,Training/notumor/Tr-no_1051.jpg,0,1.008872,grouped_same_split
Testing/notumor/Te-no_344.jpg,Training/notumor/Tr-no_1091.jpg,0,0.481088,grouped_same_split
Testing/notumor/Te-no_344.jpg,Training/notumor/Tr-no_199.jpg,2,1.105848,grouped_same_split
Testing/notumor/Te-no_344.jpg,Training/notumor/Tr-no_538.jpg,0,1.012736,grouped_same_split
Testing/notumor/Te-no_344.jpg,Training/notumor/Tr-no_715.jpg,0,0.523379,grouped_same_split
Testing/notumor/Te-no_344.jpg,Training/notumor/Tr-no_936.jpg,0,4.533647,grouped_same_split
Testing/notumor/Te-no_345.jpg,Training/notumor/Tr-no_306.jpg,0,1.165294,grouped_same_split
Testing/notumor/Te-no_345.jpg,Training/notumor/Tr-no_761.jpg,0,1.689958,grouped_same_split
Testing/notumor/Te-no_346.jpg,Training/notumor/Tr-no_444.jpg,0,0.674052,grouped_same_split
Testing/notumor/Te-no_347.jpg,Training/notumor/Tr-no_87.jpg,0,1.410411,grouped_same_split
Testing/notumor/Te-no_348.jpg,Training/notumor/Tr-no_1034.jpg,2,1.119343,grouped_same_split
Testing/notumor/Te-no_348.jpg,Training/notumor/Tr-no_1233.jpg,2,1.004749,grouped_same_split
Testing/notumor/Te-no_349.jpg,Testing/notumor/Te-no_66.jpg,0,0.908134,grouped_same_split
Testing/notumor/Te-no_349.jpg,Training/notumor/Tr-no_835.jpg,0,0.672238,grouped_same_split
Testing/notumor/Te-no_35.jpg,Testing/notumor/Te-no_383.jpg,0,1.926569,grouped_same_split
Testing/notumor/Te-no_35.jpg,Training/notumor/Tr-no_1375.jpg,0,1.537694,grouped_same_split
Testing/notumor/Te-no_35.jpg,Training/notumor/Tr-no_37.jpg,0,4.510351,grouped_same_split
Testing/notumor/Te-no_35.jpg,Training/notumor/Tr-no_514.jpg,0,2.012534,grouped_same_split
Testing/notumor/Te-no_35.jpg,Training/notumor/Tr-no_735.jpg,2,5.476579,grouped_same_split
Testing/notumor/Te-no_35.jpg,Training/notumor/Tr-no_74.jpg,2,3.132296,grouped_same_split
Testing/notumor/Te-no_35.jpg,Training/notumor/Tr-no_873.jpg,0,4.524078,grouped_same_split
Testing/notumor/Te-no_350.jpg,Training/notumor/Tr-no_775.jpg,0,0.942694,grouped_same_split
Testing/notumor/Te-no_351.jpg,Training/notumor/Tr-no_1027.jpg,2,1.482153,grouped_same_split
Testing/notumor/Te-no_351.jpg,Training/notumor/Tr-no_1102.jpg,2,1.347651,grouped_same_split
Testing/notumor/Te-no_351.jpg,Training/notumor/Tr-no_46.jpg,2,1.670853,grouped_same_split
Testing/notumor/Te-no_353.jpg,Training/notumor/Tr-no_1362.jpg,2,3.875693,grouped_same_split
Testing/notumor/Te-no_353.jpg,Training/notumor/Tr-no_561.jpg,0,0.593133,grouped_same_split
Testing/notumor/Te-no_356.jpg,Training/notumor/Tr-no_563.jpg,0,0.233331,grouped_same_split
Testing/notumor/Te-no_357.jpg,Training/notumor/Tr-no_223.jpg,2,3.983027,grouped_same_split
Testing/notumor/Te-no_357.jpg,Training/notumor/Tr-no_585.jpg,2,4.365951,grouped_same_split
Testing/notumor/Te-no_358.jpg,Testing/notumor/Te-no_4.jpg,2,2.661621,grouped_same_split
Testing/notumor/Te-no_358.jpg,Training/notumor/Tr-no_2.jpg,2,1.053501,grouped_same_split
Testing/notumor/Te-no_358.jpg,Training/notumor/Tr-no_23.jpg,2,2.666478,grouped_same_split
Testing/notumor/Te-no_358.jpg,Training/notumor/Tr-no_586.jpg,0,0.993509,grouped_same_split
Testing/notumor/Te-no_358.jpg,Training/notumor/Tr-no_833.jpg,2,3.737153,grouped_same_split
Testing/notumor/Te-no_36.jpg,Training/notumor/Tr-no_1259.jpg,2,0.974905,grouped_same_split
Testing/notumor/Te-no_36.jpg,Training/notumor/Tr-no_645.jpg,2,0.96116,grouped_same_split
Testing/notumor/Te-no_360.jpg,Training/notumor/Tr-no_1076.jpg,0,1.995234,grouped_same_split
Testing/notumor/Te-no_360.jpg,Training/notumor/Tr-no_780.jpg,0,1.868152,grouped_same_split
Testing/notumor/Te-no_361.jpg,Testing/notumor/Te-no_80.jpg,0,0.905981,grouped_same_split
Testing/notumor/Te-no_361.jpg,Training/notumor/Tr-no_177.jpg,0,1.209904,grouped_same_split
Testing/notumor/Te-no_361.jpg,Training/notumor/Tr-no_888.jpg,0,1.161832,grouped_same_split
Testing/notumor/Te-no_362.jpg,Training/notumor/Tr-no_848.jpg,0,1.02698,grouped_same_split
Testing/notumor/Te-no_363.jpg,Testing/notumor/Te-no_76.jpg,2,1.859572,grouped_same_split
Testing/notumor/Te-no_363.jpg,Training/notumor/Tr-no_1012.jpg,2,2.1384,grouped_same_split
Testing/notumor/Te-no_363.jpg,Training/notumor/Tr-no_335.jpg,4,2.030529,grouped_same_split
Testing/notumor/Te-no_364.jpg,Training/notumor/Tr-no_460.jpg,0,0.874163,grouped_same_split
Testing/notumor/Te-no_366.jpg,Testing/notumor/Te-no_91.jpg,0,0.736035,grouped_same_split
Testing/notumor/Te-no_369.jpg,Testing/notumor/Te-no_392.jpg,2,4.369081,grouped_same_split
Testing/notumor/Te-no_369.jpg,Training/notumor/Tr-no_595.jpg,2,4.389708,grouped_same_split
Testing/notumor/Te-no_369.jpg,Training/notumor/Tr-no_597.jpg,2,4.04117,grouped_same_split
Testing/notumor/Te-no_37.jpg,Testing/notumor/Te-no_73.jpg,2,1.778507,grouped_same_split
Testing/notumor/Te-no_37.jpg,Training/notumor/Tr-no_311.jpg,0,2.270576,grouped_same_split
Testing/notumor/Te-no_37.jpg,Training/notumor/Tr-no_742.jpg,0,2.017138,grouped_same_split
Testing/notumor/Te-no_370.jpg,Training/notumor/Tr-no_1399.jpg,0,0.94528,grouped_same_split
Testing/notumor/Te-no_371.jpg,Training/notumor/Tr-no_1146.jpg,0,0.772766,grouped_same_split
Testing/notumor/Te-no_371.jpg,Training/notumor/Tr-no_422.jpg,0,3.642402,grouped_same_split
Testing/notumor/Te-no_372.jpg,Testing/notumor/Te-no_391.jpg,0,2.230329,grouped_same_split
Testing/notumor/Te-no_372.jpg,Training/notumor/Tr-no_1086.jpg,0,0.716539,grouped_same_split
Testing/notumor/Te-no_372.jpg,Training/notumor/Tr-no_1222.jpg,2,2.049974,grouped_same_split
Testing/notumor/Te-no_372.jpg,Training/notumor/Tr-no_184.jpg,0,2.076303,grouped_same_split
Testing/notumor/Te-no_372.jpg,Training/notumor/Tr-no_622.jpg,2,4.475928,grouped_same_split
Testing/notumor/Te-no_372.jpg,Training/notumor/Tr-no_675.jpg,0,0.797181,grouped_same_split
Testing/notumor/Te-no_375.jpg,Training/notumor/Tr-no_1325.jpg,0,1.075291,grouped_same_split
Testing/notumor/Te-no_376.jpg,Training/notumor/Tr-no_360.jpg,0,1.030895,grouped_same_split
Testing/notumor/Te-no_378.jpg,Testing/notumor/Te-no_98.jpg,0,0.985738,grouped_same_split
Testing/notumor/Te-no_378.jpg,Training/notumor/Tr-no_1196.jpg,0,1.114425,grouped_same_split
Testing/notumor/Te-no_379.jpg,Testing/notumor/Te-no_72.jpg,2,1.097316,grouped_same_split
Testing/notumor/Te-no_379.jpg,Training/notumor/Tr-no_1066.jpg,2,0.822208,grouped_same_split
Testing/notumor/Te-no_379.jpg,Training/notumor/Tr-no_794.jpg,2,1.113987,grouped_same_split
Testing/notumor/Te-no_381.jpg,Training/notumor/Tr-no_937.jpg,0,0.906385,grouped_same_split
Testing/notumor/Te-no_383.jpg,Training/notumor/Tr-no_1375.jpg,0,1.408332,grouped_same_split
Testing/notumor/Te-no_383.jpg,Training/notumor/Tr-no_37.jpg,0,3.925173,grouped_same_split
Testing/notumor/Te-no_383.jpg,Training/notumor/Tr-no_514.jpg,0,1.404252,grouped_same_split
Testing/notumor/Te-no_383.jpg,Training/notumor/Tr-no_735.jpg,2,5.631203,grouped_same_split
Testing/notumor/Te-no_383.jpg,Training/notumor/Tr-no_74.jpg,2,2.614282,grouped_same_split
Testing/notumor/Te-no_383.jpg,Training/notumor/Tr-no_873.jpg,0,3.933002,grouped_same_split
Testing/notumor/Te-no_384.jpg,Testing/notumor/Te-no_6.jpg,0,0.752113,grouped_same_split
Testing/notumor/Te-no_384.jpg,Training/notumor/Tr-no_392.jpg,2,1.184618,grouped_same_split
Testing/notumor/Te-no_384.jpg,Training/notumor/Tr-no_566.jpg,2,1.220151,grouped_same_split
Testing/notumor/Te-no_385.jpg,Training/notumor/Tr-no_544.jpg,0,0.1335,grouped_same_split
Testing/notumor/Te-no_385.jpg,Training/notumor/Tr-no_571.jpg,0,0.872345,grouped_same_split
Testing/notumor/Te-no_387.jpg,Training/notumor/Tr-no_1396.jpg,0,0.896772,grouped_same_split
Testing/notumor/Te-no_388.jpg,Training/notumor/Tr-no_1252.jpg,2,1.412313,grouped_same_split
Testing/notumor/Te-no_389.jpg,Training/notumor/Tr-no_104.jpg,0,1.219551,grouped_same_split
Testing/notumor/Te-no_389.jpg,Training/notumor/Tr-no_450.jpg,0,1.065712,grouped_same_split
Testing/notumor/Te-no_390.jpg,Training/notumor/Tr-no_1010.jpg,0,0.831362,grouped_same_split
Testing/notumor/Te-no_391.jpg,Training/notumor/Tr-no_1086.jpg,0,2.210593,grouped_same_split
Testing/notumor/Te-no_391.jpg,Training/notumor/Tr-no_1222.jpg,2,1.219151,grouped_same_split
Testing/notumor/Te-no_391.jpg,Training/notumor/Tr-no_184.jpg,0,1.584301,grouped_same_split
Testing/notumor/Te-no_391.jpg,Training/notumor/Tr-no_622.jpg,2,4.924131,grouped_same_split
Testing/notumor/Te-no_391.jpg,Training/notumor/Tr-no_675.jpg,0,2.251735,grouped_same_split
Testing/notumor/Te-no_392.jpg,Training/notumor/Tr-no_595.jpg,0,1.982467,grouped_same_split
Testing/notumor/Te-no_392.jpg,Training/notumor/Tr-no_597.jpg,0,1.591604,grouped_same_split
Testing/notumor/Te-no_394.jpg,Testing/notumor/Te-no_7.jpg,0,0.673508,grouped_same_split
Testing/notumor/Te-no_394.jpg,Training/notumor/Tr-no_108.jpg,0,1.036327,grouped_same_split
Testing/notumor/Te-no_395.jpg,Training/notumor/Tr-no_1195.jpg,0,2.151886,grouped_same_split
Testing/notumor/Te-no_395.jpg,Training/notumor/Tr-no_1232.jpg,0,2.121723,grouped_same_split
Testing/notumor/Te-no_395.jpg,Training/notumor/Tr-no_145.jpg,0,2.114173,grouped_same_split
Testing/notumor/Te-no_395.jpg,Training/notumor/Tr-no_892.jpg,0,1.811422,grouped_same_split
Testing/notumor/Te-no_396.jpg,Training/notumor/Tr-no_11.jpg,0,0.94036,grouped_same_split
Testing/notumor/Te-no_396.jpg,Training/notumor/Tr-no_1193.jpg,4,6.798832,grouped_same_split
Testing/notumor/Te-no_396.jpg,Training/notumor/Tr-no_19.jpg,0,1.270438,grouped_same_split
Testing/notumor/Te-no_396.jpg,Training/notumor/Tr-no_334.jpg,0,0.78125,grouped_same_split
Testing/notumor/Te-no_396.jpg,Training/notumor/Tr-no_447.jpg,0,1.260793,grouped_same_split
Testing/notumor/Te-no_396.jpg,Training/notumor/Tr-no_499.jpg,0,0.768807,grouped_same_split
Testing/notumor/Te-no_396.jpg,Training/notumor/Tr-no_546.jpg,4,6.603037,grouped_same_split
Testing/notumor/Te-no_396.jpg,Training/notumor/Tr-no_651.jpg,0,1.269766,grouped_same_split
Testing/notumor/Te-no_396.jpg,Training/notumor/Tr-no_716.jpg,0,1.250488,grouped_same_split
Testing/notumor/Te-no_396.jpg,Training/notumor/Tr-no_986.jpg,0,1.261568,grouped_same_split
Testing/notumor/Te-no_397.jpg,Training/notumor/Tr-no_213.jpg,2,1.693493,grouped_same_split
Testing/notumor/Te-no_399.jpg,Training/notumor/Tr-no_791.jpg,0,1.51127,grouped_same_split
Testing/notumor/Te-no_4.jpg,Training/notumor/Tr-no_2.jpg,4,2.797835,grouped_same_split
Testing/notumor/Te-no_4.jpg,Training/notumor/Tr-no_23.jpg,0,0.609976,grouped_same_split
Testing/notumor/Te-no_4.jpg,Training/notumor/Tr-no_586.jpg,2,2.812847,grouped_same_split
Testing/notumor/Te-no_4.jpg,Training/notumor/Tr-no_833.jpg,4,5.583812,grouped_same_split
Testing/notumor/Te-no_41.jpg,Training/notumor/Tr-no_246.jpg,0,1.385524,grouped_same_split
Testing/notumor/Te-no_42.jpg,Training/notumor/Tr-no_172.jpg,2,1.696446,grouped_same_split
Testing/notumor/Te-no_43.jpg,Training/notumor/Tr-no_808.jpg,0,0.864897,grouped_same_split
Testing/notumor/Te-no_44.jpg,Training/notumor/Tr-no_1299.jpg,0,1.869197,grouped_same_split
Testing/notumor/Te-no_44.jpg,Training/notumor/Tr-no_424.jpg,0,1.515464,grouped_same_split
Testing/notumor/Te-no_44.jpg,Training/notumor/Tr-no_53.jpg,0,2.209985,grouped_same_split
Testing/notumor/Te-no_45.jpg,Training/notumor/Tr-no_659.jpg,0,1.878057,grouped_same_split
Testing/notumor/Te-no_46.jpg,Training/notumor/Tr-no_1029.jpg,0,1.155511,grouped_same_split
Testing/notumor/Te-no_46.jpg,Training/notumor/Tr-no_1256.jpg,0,0.78763,grouped_same_split
Testing/notumor/Te-no_46.jpg,Training/notumor/Tr-no_253.jpg,2,1.154348,grouped_same_split
Testing/notumor/Te-no_46.jpg,Training/notumor/Tr-no_476.jpg,2,5.004856,grouped_same_split
Testing/notumor/Te-no_47.jpg,Training/notumor/Tr-no_1165.jpg,0,0.996209,grouped_same_split
Testing/notumor/Te-no_47.jpg,Training/notumor/Tr-no_910.jpg,0,1.057779,grouped_same_split
Testing/notumor/Te-no_48.jpg,Training/notumor/Tr-no_122.jpg,0,0.214239,grouped_same_split
Testing/notumor/Te-no_48.jpg,Training/notumor/Tr-no_80.jpg,0,0.752113,grouped_same_split
Testing/notumor/Te-no_5.jpg,Training/notumor/Tr-no_302.jpg,0,4.206318,grouped_same_split
Testing/notumor/Te-no_50.jpg,Training/notumor/Tr-no_191.jpg,0,4.189424,grouped_same_split
Testing/notumor/Te-no_50.jpg,Training/notumor/Tr-no_290.jpg,2,0.500732,grouped_same_split
Testing/notumor/Te-no_51.jpg,Training/notumor/Tr-no_830.jpg,0,0.979901,grouped_same_split
Testing/notumor/Te-no_53.jpg,Training/notumor/Tr-no_513.jpg,2,1.605046,grouped_same_split
Testing/notumor/Te-no_53.jpg,Training/notumor/Tr-no_996.jpg,0,1.755015,grouped_same_split
Testing/notumor/Te-no_54.jpg,Training/notumor/Tr-no_953.jpg,0,1.66844,grouped_same_split
Testing/notumor/Te-no_55.jpg,Training/notumor/Tr-no_928.jpg,0,0.992772,grouped_same_split
Testing/notumor/Te-no_56.jpg,Training/notumor/Tr-no_130.jpg,0,1.48001,grouped_same_split
Testing/notumor/Te-no_57.jpg,Training/notumor/Tr-no_1294.jpg,0,1.45757,grouped_same_split
Testing/notumor/Te-no_58.jpg,Training/notumor/Tr-no_1203.jpg,0,0.975155,grouped_same_split
Testing/notumor/Te-no_58.jpg,Training/notumor/Tr-no_347.jpg,0,0.996086,grouped_same_split
Testing/notumor/Te-no_58.jpg,Training/notumor/Tr-no_365.jpg,0,1.394044,grouped_same_split
Testing/notumor/Te-no_58.jpg,Training/notumor/Tr-no_386.jpg,0,0.896499,grouped_same_split
Testing/notumor/Te-no_59.jpg,Training/notumor/Tr-no_1144.jpg,0,0.552648,grouped_same_split
Testing/notumor/Te-no_59.jpg,Training/notumor/Tr-no_287.jpg,2,2.379673,grouped_same_split
Testing/notumor/Te-no_59.jpg,Training/notumor/Tr-no_41.jpg,2,5.025861,grouped_same_split
Testing/notumor/Te-no_6.jpg,Training/notumor/Tr-no_392.jpg,2,1.16015,grouped_same_split
Testing/notumor/Te-no_6.jpg,Training/notumor/Tr-no_566.jpg,2,1.19314,grouped_same_split
Testing/notumor/Te-no_60.jpg,Training/notumor/Tr-no_838.jpg,0,0.919223,grouped_same_split
Testing/notumor/Te-no_61.jpg,Training/notumor/Tr-no_1083.jpg,2,2.857624,grouped_same_split
Testing/notumor/Te-no_61.jpg,Training/notumor/Tr-no_1170.jpg,0,1.149686,grouped_same_split
Testing/notumor/Te-no_61.jpg,Training/notumor/Tr-no_1220.jpg,0,1.023527,grouped_same_split
Testing/notumor/Te-no_61.jpg,Training/notumor/Tr-no_1244.jpg,0,1.114316,grouped_same_split
Testing/notumor/Te-no_61.jpg,Training/notumor/Tr-no_1304.jpg,2,2.880091,grouped_same_split
Testing/notumor/Te-no_61.jpg,Training/notumor/Tr-no_559.jpg,0,1.821972,grouped_same_split
Testing/notumor/Te-no_61.jpg,Training/notumor/Tr-no_620.jpg,0,1.759877,grouped_same_split
Testing/notumor/Te-no_61.jpg,Training/notumor/Tr-no_841.jpg,0,3.612586,grouped_same_split
Testing/notumor/Te-no_61.jpg,Training/notumor/Tr-no_955.jpg,0,1.84752,grouped_same_split
Testing/notumor/Te-no_62.jpg,Training/notumor/Tr-no_113.jpg,2,2.837734,grouped_same_split
Testing/notumor/Te-no_62.jpg,Training/notumor/Tr-no_1163.jpg,2,1.193856,grouped_same_split
Testing/notumor/Te-no_62.jpg,Training/notumor/Tr-no_152.jpg,2,2.843493,grouped_same_split
Testing/notumor/Te-no_62.jpg,Training/notumor/Tr-no_331.jpg,2,1.07188,grouped_same_split
Testing/notumor/Te-no_63.jpg,Training/notumor/Tr-no_151.jpg,0,0.998412,grouped_same_split
Testing/notumor/Te-no_64.jpg,Training/notumor/Tr-no_896.jpg,0,1.035974,grouped_same_split
Testing/notumor/Te-no_66.jpg,Training/notumor/Tr-no_835.jpg,0,1.053385,grouped_same_split
Testing/notumor/Te-no_69.jpg,Training/notumor/Tr-no_1368.jpg,0,0.511585,grouped_same_split
Testing/notumor/Te-no_7.jpg,Training/notumor/Tr-no_108.jpg,0,0.898811,grouped_same_split
Testing/notumor/Te-no_70.jpg,Training/notumor/Tr-no_530.jpg,0,0.877508,grouped_same_split
Testing/notumor/Te-no_71.jpg,Training/notumor/Tr-no_1338.jpg,0,2.602771,grouped_same_split
Testing/notumor/Te-no_71.jpg,Training/notumor/Tr-no_1355.jpg,0,1.546717,grouped_same_split
Testing/notumor/Te-no_71.jpg,Training/notumor/Tr-no_283.jpg,2,7.53279,grouped_same_split
Testing/notumor/Te-no_71.jpg,Training/notumor/Tr-no_628.jpg,0,2.662493,grouped_same_split
Testing/notumor/Te-no_72.jpg,Training/notumor/Tr-no_1066.jpg,0,1.121196,grouped_same_split
Testing/notumor/Te-no_72.jpg,Training/notumor/Tr-no_794.jpg,2,0.508953,grouped_same_split
Testing/notumor/Te-no_73.jpg,Training/notumor/Tr-no_311.jpg,2,2.519989,grouped_same_split
Testing/notumor/Te-no_73.jpg,Training/notumor/Tr-no_742.jpg,2,2.347497,grouped_same_split
Testing/notumor/Te-no_74.jpg,Training/notumor/Tr-no_1211.jpg,2,3.229049,grouped_same_split
Testing/notumor/Te-no_74.jpg,Training/notumor/Tr-no_314.jpg,2,1.136981,grouped_same_split
Testing/notumor/Te-no_74.jpg,Training/notumor/Tr-no_626.jpg,2,0.904362,grouped_same_split
Testing/notumor/Te-no_74.jpg,Training/notumor/Tr-no_665.jpg,2,0.869682,grouped_same_split
Testing/notumor/Te-no_75.jpg,Training/notumor/Tr-no_1313.jpg,0,0.906519,grouped_same_split
Testing/notumor/Te-no_76.jpg,Training/notumor/Tr-no_1012.jpg,2,1.536979,grouped_same_split
Testing/notumor/Te-no_76.jpg,Training/notumor/Tr-no_335.jpg,4,1.421102,grouped_same_split
Testing/notumor/Te-no_78.jpg,Training/notumor/Tr-no_124.jpg,2,4.089215,grouped_same_split
Testing/notumor/Te-no_78.jpg,Training/notumor/Tr-no_987.jpg,0,0.051822,grouped_same_split
Testing/notumor/Te-no_8.jpg,Training/notumor/Tr-no_1142.jpg,2,1.056509,grouped_same_split
Testing/notumor/Te-no_8.jpg,Training/notumor/Tr-no_1277.jpg,0,0.548658,grouped_same_split
Testing/notumor/Te-no_8.jpg,Training/notumor/Tr-no_194.jpg,0,0.543965,grouped_same_split
Testing/notumor/Te-no_8.jpg,Training/notumor/Tr-no_385.jpg,0,0.420716,grouped_same_split
Testing/notumor/Te-no_8.jpg,Training/notumor/Tr-no_652.jpg,2,0.885677,grouped_same_split
Testing/notumor/Te-no_8.jpg,Training/notumor/Tr-no_904.jpg,2,1.239802,grouped_same_split
Testing/notumor/Te-no_80.jpg,Training/notumor/Tr-no_177.jpg,0,1.188322,grouped_same_split
Testing/notumor/Te-no_80.jpg,Training/notumor/Tr-no_888.jpg,0,1.144258,grouped_same_split
Testing/notumor/Te-no_81.jpg,Training/notumor/Tr-no_291.jpg,0,0.939321,grouped_same_split
Testing/notumor/Te-no_82.jpg,Training/notumor/Tr-no_1117.jpg,0,0.91563,grouped_same_split
Testing/notumor/Te-no_82.jpg,Training/notumor/Tr-no_604.jpg,0,1.075064,grouped_same_split
Testing/notumor/Te-no_82.jpg,Training/notumor/Tr-no_717.jpg,0,0.963823,grouped_same_split
Testing/notumor/Te-no_83.jpg,Training/notumor/Tr-no_1017.jpg,0,0.665669,grouped_same_split
Testing/notumor/Te-no_84.jpg,Training/notumor/Tr-no_136.jpg,2,3.205449,grouped_same_split
Testing/notumor/Te-no_84.jpg,Training/notumor/Tr-no_713.jpg,0,1.596581,grouped_same_split
Testing/notumor/Te-no_85.jpg,Testing/notumor/Te-no_90.jpg,0,2.248698,grouped_same_split
Testing/notumor/Te-no_85.jpg,Training/notumor/Tr-no_24.jpg,0,0.705032,grouped_same_split
Testing/notumor/Te-no_85.jpg,Training/notumor/Tr-no_469.jpg,0,0.921345,grouped_same_split
Testing/notumor/Te-no_85.jpg,Training/notumor/Tr-no_470.jpg,0,2.262282,grouped_same_split
Testing/notumor/Te-no_85.jpg,Training/notumor/Tr-no_772.jpg,0,0.86122,grouped_same_split
Testing/notumor/Te-no_86.jpg,Training/notumor/Tr-no_1302.jpg,0,0.434701,grouped_same_split
Testing/notumor/Te-no_86.jpg,Training/notumor/Tr-no_683.jpg,2,1.474308,grouped_same_split
Testing/notumor/Te-no_86.jpg,Training/notumor/Tr-no_821.jpg,0,0.422164,grouped_same_split
Testing/notumor/Te-no_87.jpg,Training/notumor/Tr-no_1361.jpg,2,0.767218,grouped_same_split
Testing/notumor/Te-no_88.jpg,Training/notumor/Tr-no_1050.jpg,0,2.068941,grouped_same_split
Testing/notumor/Te-no_88.jpg,Training/notumor/Tr-no_1297.jpg,2,4.509132,grouped_same_split
Testing/notumor/Te-no_88.jpg,Training/notumor/Tr-no_272.jpg,0,0.68054,grouped_same_split
Testing/notumor/Te-no_88.jpg,Training/notumor/Tr-no_797.jpg,0,0.704339,grouped_same_split
Testing/notumor/Te-no_89.jpg,Training/notumor/Tr-no_1356.jpg,0,1.427359,grouped_same_split
Testing/notumor/Te-no_90.jpg,Training/notumor/Tr-no_24.jpg,0,2.233774,grouped_same_split
Testing/notumor/Te-no_90.jpg,Training/notumor/Tr-no_469.jpg,0,2.244622,grouped_same_split
Testing/notumor/Te-no_90.jpg,Training/notumor/Tr-no_470.jpg,0,1.587226,grouped_same_split
Testing/notumor/Te-no_90.jpg,Training/notumor/Tr-no_772.jpg,0,2.213241,grouped_same_split
Testing/notumor/Te-no_93.jpg,Training/notumor/Tr-no_10.jpg,2,0.416341,grouped_same_split
Testing/notumor/Te-no_93.jpg,Training/notumor/Tr-no_377.jpg,0,0.41722,grouped_same_split
Testing/notumor/Te-no_94.jpg,Training/notumor/Tr-no_391.jpg,0,0.958616,grouped_same_split
Testing/notumor/Te-no_95.jpg,Training/notumor/Tr-no_635.jpg,0,1.224645,grouped_same_split
Testing/notumor/Te-no_95.jpg,Training/notumor/Tr-no_834.jpg,2,4.876752,grouped_same_split
Testing/notumor/Te-no_95.jpg,Training/notumor/Tr-no_859.jpg,2,3.25244,grouped_same_split
Testing/notumor/Te-no_96.jpg,Training/notumor/Tr-no_1130.jpg,2,1.695078,grouped_same_split
Testing/notumor/Te-no_96.jpg,Training/notumor/Tr-no_1310.jpg,2,1.615432,grouped_same_split
Testing/notumor/Te-no_96.jpg,Training/notumor/Tr-no_667.jpg,2,2.444801,grouped_same_split
Testing/notumor/Te-no_97.jpg,Training/notumor/Tr-no_27.jpg,0,1.228526,grouped_same_split
Testing/notumor/Te-no_97.jpg,Training/notumor/Tr-no_898.jpg,0,1.232495,grouped_same_split
Testing/notumor/Te-no_98.jpg,Training/notumor/Tr-no_1196.jpg,0,0.708659,grouped_same_split
Testing/notumor/Te-no_99.jpg,Training/notumor/Tr-no_1123.jpg,0,2.086098,grouped_same_split
Testing/notumor/Te-no_99.jpg,Training/notumor/Tr-no_149.jpg,0,2.337178,grouped_same_split
Training/glioma/Tr-gl_1041.jpg,Training/glioma/Tr-gl_141.jpg,2,6.351942,grouped_same_split
Training/glioma/Tr-gl_1132.jpg,Training/glioma/Tr-gl_385.jpg,2,6.534613,grouped_same_split
Training/glioma/Tr-gl_141.jpg,Training/glioma/Tr-gl_155.jpg,2,7.006641,grouped_same_split
Training/glioma/Tr-gl_472.jpg,Training/glioma/Tr-gl_582.jpg,4,6.687409,grouped_same_split
Training/meningioma/Tr-me_1044.jpg,Training/meningioma/Tr-me_238.jpg,0,4.749666,grouped_same_split
Training/meningioma/Tr-me_1069.jpg,Training/meningioma/Tr-me_543.jpg,0,1.158254,grouped_same_split
Training/meningioma/Tr-me_1110.jpg,Training/meningioma/Tr-me_464.jpg,2,1.03774,grouped_same_split
Training/meningioma/Tr-me_1110.jpg,Training/meningioma/Tr-me_639.jpg,2,1.053037,grouped_same_split
Training/meningioma/Tr-me_1225.jpg,Training/meningioma/Tr-me_373.jpg,2,7.373924,grouped_same_split
Training/meningioma/Tr-me_421.jpg,Training/meningioma/Tr-me_465.jpg,0,1.205051,grouped_same_split
Training/meningioma/Tr-me_458.jpg,Training/meningioma/Tr-me_468.jpg,2,1.07188,excluded_label_conflict
Training/meningioma/Tr-me_458.jpg,Training/meningioma/Tr-me_714.jpg,2,0.499511,excluded_label_conflict
Training/meningioma/Tr-me_464.jpg,Training/meningioma/Tr-me_639.jpg,0,0.425333,grouped_same_split
Training/meningioma/Tr-me_468.jpg,Training/meningioma/Tr-me_714.jpg,0,1.082306,excluded_label_conflict
Training/notumor/Tr-no_1.jpg,Training/notumor/Tr-no_403.jpg,0,1.695222,grouped_same_split
Training/notumor/Tr-no_1.jpg,Training/notumor/Tr-no_690.jpg,0,4.247817,grouped_same_split
Training/notumor/Tr-no_10.jpg,Training/notumor/Tr-no_377.jpg,2,0.268368,grouped_same_split
Training/notumor/Tr-no_1002.jpg,Training/notumor/Tr-no_1281.jpg,2,0.840997,grouped_same_split
Training/notumor/Tr-no_1002.jpg,Training/notumor/Tr-no_1306.jpg,0,0.209631,grouped_same_split
Training/notumor/Tr-no_1006.jpg,Training/notumor/Tr-no_1209.jpg,0,0.426479,grouped_same_split
Training/notumor/Tr-no_1008.jpg,Training/notumor/Tr-no_187.jpg,0,3.399362,grouped_same_split
Training/notumor/Tr-no_1008.jpg,Training/notumor/Tr-no_508.jpg,0,0.445244,grouped_same_split
Training/notumor/Tr-no_1008.jpg,Training/notumor/Tr-no_637.jpg,0,3.629274,grouped_same_split
Training/notumor/Tr-no_1009.jpg,Training/notumor/Tr-no_1388.jpg,0,1.533878,grouped_same_split
Training/notumor/Tr-no_1012.jpg,Training/notumor/Tr-no_335.jpg,4,1.24118,grouped_same_split
Training/notumor/Tr-no_1013.jpg,Training/notumor/Tr-no_1168.jpg,0,2.600659,grouped_same_split
Training/notumor/Tr-no_1013.jpg,Training/notumor/Tr-no_343.jpg,0,2.529176,grouped_same_split
Training/notumor/Tr-no_1013.jpg,Training/notumor/Tr-no_572.jpg,0,2.548887,grouped_same_split
Training/notumor/Tr-no_1015.jpg,Training/notumor/Tr-no_1200.jpg,0,0.374674,grouped_same_split
Training/notumor/Tr-no_1015.jpg,Training/notumor/Tr-no_1376.jpg,2,4.121981,grouped_same_split
Training/notumor/Tr-no_1015.jpg,Training/notumor/Tr-no_858.jpg,0,0.485885,grouped_same_split
Training/notumor/Tr-no_1015.jpg,Training/notumor/Tr-no_985.jpg,0,0.566393,grouped_same_split
Training/notumor/Tr-no_1018.jpg,Training/notumor/Tr-no_262.jpg,0,0.909343,grouped_same_split
Training/notumor/Tr-no_1018.jpg,Training/notumor/Tr-no_789.jpg,0,0.882916,grouped_same_split
Training/notumor/Tr-no_1022.jpg,Training/notumor/Tr-no_785.jpg,0,3.747981,grouped_same_split
Training/notumor/Tr-no_1022.jpg,Training/notumor/Tr-no_981.jpg,0,0.60777,grouped_same_split
Training/notumor/Tr-no_1023.jpg,Training/notumor/Tr-no_1068.jpg,0,1.045592,grouped_same_split
Training/notumor/Tr-no_1023.jpg,Training/notumor/Tr-no_1247.jpg,0,1.206266,grouped_same_split
Training/notumor/Tr-no_1023.jpg,Training/notumor/Tr-no_176.jpg,2,1.207379,grouped_same_split
Training/notumor/Tr-no_1023.jpg,Training/notumor/Tr-no_288.jpg,0,0.217069,grouped_same_split
Training/notumor/Tr-no_1023.jpg,Training/notumor/Tr-no_321.jpg,0,0.354243,grouped_same_split
Training/notumor/Tr-no_1023.jpg,Training/notumor/Tr-no_536.jpg,0,0.375325,grouped_same_split
Training/notumor/Tr-no_1023.jpg,Training/notumor/Tr-no_552.jpg,2,3.163358,grouped_same_split
Training/notumor/Tr-no_1023.jpg,Training/notumor/Tr-no_56.jpg,0,1.043722,grouped_same_split
Training/notumor/Tr-no_1023.jpg,Training/notumor/Tr-no_612.jpg,0,0.467185,grouped_same_split
Training/notumor/Tr-no_1023.jpg,Training/notumor/Tr-no_657.jpg,2,1.409891,grouped_same_split
Training/notumor/Tr-no_1027.jpg,Training/notumor/Tr-no_1102.jpg,0,1.080161,grouped_same_split
Training/notumor/Tr-no_1027.jpg,Training/notumor/Tr-no_46.jpg,0,1.190477,grouped_same_split
Training/notumor/Tr-no_1029.jpg,Training/notumor/Tr-no_1256.jpg,0,1.178626,grouped_same_split
Training/notumor/Tr-no_1029.jpg,Training/notumor/Tr-no_253.jpg,2,0.470569,grouped_same_split
Training/notumor/Tr-no_1029.jpg,Training/notumor/Tr-no_476.jpg,2,4.993257,grouped_same_split
Training/notumor/Tr-no_103.jpg,Training/notumor/Tr-no_384.jpg,0,1.024481,grouped_same_split
Training/notumor/Tr-no_103.jpg,Training/notumor/Tr-no_868.jpg,0,0.771502,grouped_same_split
Training/notumor/Tr-no_1032.jpg,Training/notumor/Tr-no_510.jpg,0,1.001098,grouped_same_split
Training/notumor/Tr-no_1032.jpg,Training/notumor/Tr-no_730.jpg,0,1.504388,grouped_same_split
Training/notumor/Tr-no_1034.jpg,Training/notumor/Tr-no_1233.jpg,0,0.760506,grouped_same_split
Training/notumor/Tr-no_1035.jpg,Training/notumor/Tr-no_211.jpg,0,0.857384,grouped_same_split
Training/notumor/Tr-no_1035.jpg,Training/notumor/Tr-no_320.jpg,2,1.073814,grouped_same_split
Training/notumor/Tr-no_1038.jpg,Training/notumor/Tr-no_603.jpg,0,2.919158,grouped_same_split
Training/notumor/Tr-no_1039.jpg,Training/notumor/Tr-no_1051.jpg,0,0.953893,grouped_same_split
Training/notumor/Tr-no_1039.jpg,Training/notumor/Tr-no_1091.jpg,0,0.460341,grouped_same_split
Training/notumor/Tr-no_1039.jpg,Training/notumor/Tr-no_199.jpg,2,1.054311,grouped_same_split
Training/notumor/Tr-no_1039.jpg,Training/notumor/Tr-no_538.jpg,0,0.952869,grouped_same_split
Training/notumor/Tr-no_1039.jpg,Training/notumor/Tr-no_715.jpg,0,0.298106,grouped_same_split
Training/notumor/Tr-no_1039.jpg,Training/notumor/Tr-no_936.jpg,0,4.570119,grouped_same_split
Training/notumor/Tr-no_104.jpg,Training/notumor/Tr-no_450.jpg,0,0.798252,grouped_same_split
Training/notumor/Tr-no_1041.jpg,Training/notumor/Tr-no_924.jpg,2,1.393081,grouped_same_split
Training/notumor/Tr-no_1043.jpg,Training/notumor/Tr-no_728.jpg,0,1.0557,grouped_same_split
Training/notumor/Tr-no_1044.jpg,Training/notumor/Tr-no_1145.jpg,0,0.77702,grouped_same_split
Training/notumor/Tr-no_1044.jpg,Training/notumor/Tr-no_1206.jpg,0,1.201704,grouped_same_split
Training/notumor/Tr-no_1044.jpg,Training/notumor/Tr-no_1217.jpg,0,0.980399,grouped_same_split
Training/notumor/Tr-no_1044.jpg,Training/notumor/Tr-no_375.jpg,0,0.808131,grouped_same_split
Training/notumor/Tr-no_1045.jpg,Training/notumor/Tr-no_284.jpg,0,3.438849,grouped_same_split
Training/notumor/Tr-no_1047.jpg,Training/notumor/Tr-no_1251.jpg,0,1.45136,grouped_same_split
Training/notumor/Tr-no_1048.jpg,Training/notumor/Tr-no_299.jpg,0,1.134508,grouped_same_split
Training/notumor/Tr-no_1049.jpg,Training/notumor/Tr-no_85.jpg,0,5.104403,grouped_same_split
Training/notumor/Tr-no_1050.jpg,Training/notumor/Tr-no_1297.jpg,2,4.981558,grouped_same_split
Training/notumor/Tr-no_1050.jpg,Training/notumor/Tr-no_272.jpg,0,2.061553,grouped_same_split
Training/notumor/Tr-no_1050.jpg,Training/notumor/Tr-no_797.jpg,0,2.072832,grouped_same_split
Training/notumor/Tr-no_1051.jpg,Training/notumor/Tr-no_1091.jpg,0,0.987099,grouped_same_split
Training/notumor/Tr-no_1051.jpg,Training/notumor/Tr-no_199.jpg,2,0.643477,grouped_same_split
Training/notumor/Tr-no_1051.jpg,Training/notumor/Tr-no_538.jpg,0,0.288957,grouped_same_split
Training/notumor/Tr-no_1051.jpg,Training/notumor/Tr-no_715.jpg,0,0.949789,grouped_same_split
Training/notumor/Tr-no_1051.jpg,Training/notumor/Tr-no_936.jpg,0,4.561804,grouped_same_split
Training/notumor/Tr-no_1053.jpg,Training/notumor/Tr-no_254.jpg,0,1.171562,grouped_same_split
Training/notumor/Tr-no_1054.jpg,Training/notumor/Tr-no_399.jpg,0,6.381373,grouped_same_split
Training/notumor/Tr-no_1055.jpg,Training/notumor/Tr-no_260.jpg,0,0.907461,grouped_same_split
Training/notumor/Tr-no_1055.jpg,Training/notumor/Tr-no_296.jpg,0,0.690865,grouped_same_split
Training/notumor/Tr-no_1055.jpg,Training/notumor/Tr-no_453.jpg,0,0.881394,grouped_same_split
Training/notumor/Tr-no_1055.jpg,Training/notumor/Tr-no_588.jpg,0,0.68821,grouped_same_split
Training/notumor/Tr-no_1058.jpg,Training/notumor/Tr-no_1207.jpg,0,0.887605,grouped_same_split
Training/notumor/Tr-no_1060.jpg,Training/notumor/Tr-no_203.jpg,0,0.67242,grouped_same_split
Training/notumor/Tr-no_1060.jpg,Training/notumor/Tr-no_339.jpg,0,0.907192,grouped_same_split
Training/notumor/Tr-no_1061.jpg,Training/notumor/Tr-no_1082.jpg,0,0.353208,grouped_same_split
Training/notumor/Tr-no_1061.jpg,Training/notumor/Tr-no_340.jpg,0,0.771027,grouped_same_split
Training/notumor/Tr-no_1061.jpg,Training/notumor/Tr-no_855.jpg,0,0.773082,grouped_same_split
Training/notumor/Tr-no_1062.jpg,Training/notumor/Tr-no_1257.jpg,2,1.132678,grouped_same_split
Training/notumor/Tr-no_1062.jpg,Training/notumor/Tr-no_21.jpg,2,1.125325,grouped_same_split
Training/notumor/Tr-no_1062.jpg,Training/notumor/Tr-no_224.jpg,2,0.943212,grouped_same_split
Training/notumor/Tr-no_1062.jpg,Training/notumor/Tr-no_249.jpg,2,1.350998,grouped_same_split
Training/notumor/Tr-no_1062.jpg,Training/notumor/Tr-no_251.jpg,2,2.696478,grouped_same_split
Training/notumor/Tr-no_1062.jpg,Training/notumor/Tr-no_82.jpg,2,0.923859,grouped_same_split
Training/notumor/Tr-no_1063.jpg,Training/notumor/Tr-no_1343.jpg,0,0.981519,grouped_same_split
Training/notumor/Tr-no_1063.jpg,Training/notumor/Tr-no_1379.jpg,0,0.93724,grouped_same_split
Training/notumor/Tr-no_1063.jpg,Training/notumor/Tr-no_328.jpg,2,0.68394,grouped_same_split
Training/notumor/Tr-no_1063.jpg,Training/notumor/Tr-no_784.jpg,0,0.941139,grouped_same_split
Training/notumor/Tr-no_1064.jpg,Training/notumor/Tr-no_762.jpg,0,1.394219,grouped_same_split
Training/notumor/Tr-no_1066.jpg,Training/notumor/Tr-no_794.jpg,2,1.142229,grouped_same_split
Training/notumor/Tr-no_1068.jpg,Training/notumor/Tr-no_1247.jpg,0,0.720107,grouped_same_split
Training/notumor/Tr-no_1068.jpg,Training/notumor/Tr-no_176.jpg,2,0.724333,grouped_same_split
Training/notumor/Tr-no_1068.jpg,Training/notumor/Tr-no_288.jpg,0,1.03962,grouped_same_split
Training/notumor/Tr-no_1068.jpg,Training/notumor/Tr-no_321.jpg,0,1.052805,grouped_same_split
Training/notumor/Tr-no_1068.jpg,Training/notumor/Tr-no_536.jpg,0,1.082419,grouped_same_split
Training/notumor/Tr-no_1068.jpg,Training/notumor/Tr-no_552.jpg,2,3.22731,grouped_same_split
Training/notumor/Tr-no_1068.jpg,Training/notumor/Tr-no_56.jpg,0,0.317922,grouped_same_split
Training/notumor/Tr-no_1068.jpg,Training/notumor/Tr-no_612.jpg,0,1.076879,grouped_same_split
Training/notumor/Tr-no_1068.jpg,Training/notumor/Tr-no_657.jpg,2,1.046058,grouped_same_split
Training/notumor/Tr-no_107.jpg,Training/notumor/Tr-no_70.jpg,0,0.713123,grouped_same_split
Training/notumor/Tr-no_1071.jpg,Training/notumor/Tr-no_1138.jpg,0,1.271783,grouped_same_split
Training/notumor/Tr-no_1074.jpg,Training/notumor/Tr-no_1231.jpg,0,0.750976,grouped_same_split
Training/notumor/Tr-no_1074.jpg,Training/notumor/Tr-no_55.jpg,0,1.089389,grouped_same_split
Training/notumor/Tr-no_1074.jpg,Training/notumor/Tr-no_578.jpg,0,0.754705,grouped_same_split
Training/notumor/Tr-no_1075.jpg,Training/notumor/Tr-no_1266.jpg,2,3.705926,grouped_same_split
Training/notumor/Tr-no_1075.jpg,Training/notumor/Tr-no_1330.jpg,2,0.521042,grouped_same_split
Training/notumor/Tr-no_1076.jpg,Training/notumor/Tr-no_780.jpg,0,1.647011,grouped_same_split
Training/notumor/Tr-no_1078.jpg,Training/notumor/Tr-no_521.jpg,0,1.934726,grouped_same_split
Training/notumor/Tr-no_1082.jpg,Training/notumor/Tr-no_340.jpg,0,0.762269,grouped_same_split
Training/notumor/Tr-no_1082.jpg,Training/notumor/Tr-no_855.jpg,0,0.768807,grouped_same_split
Training/notumor/Tr-no_1083.jpg,Training/notumor/Tr-no_1170.jpg,2,2.52932,grouped_same_split
Training/notumor/Tr-no_1083.jpg,Training/notumor/Tr-no_1220.jpg,2,2.71592,grouped_same_split
Training/notumor/Tr-no_1083.jpg,Training/notumor/Tr-no_1244.jpg,2,2.572959,grouped_same_split
Training/notumor/Tr-no_1083.jpg,Training/notumor/Tr-no_1304.jpg,0,0.580863,grouped_same_split
Training/notumor/Tr-no_1083.jpg,Training/notumor/Tr-no_559.jpg,2,2.113538,grouped_same_split
Training/notumor/Tr-no_1083.jpg,Training/notumor/Tr-no_620.jpg,2,2.252061,grouped_same_split
Training/notumor/Tr-no_1083.jpg,Training/notumor/Tr-no_841.jpg,2,5.537735,grouped_same_split
Training/notumor/Tr-no_1083.jpg,Training/notumor/Tr-no_955.jpg,2,2.081998,grouped_same_split
Training/notumor/Tr-no_1084.jpg,Training/notumor/Tr-no_1340.jpg,2,6.692901,grouped_same_split
Training/notumor/Tr-no_1084.jpg,Training/notumor/Tr-no_704.jpg,0,1.292916,grouped_same_split
Training/notumor/Tr-no_1084.jpg,Training/notumor/Tr-no_994.jpg,2,1.30588,grouped_same_split
Training/notumor/Tr-no_1086.jpg,Training/notumor/Tr-no_1222.jpg,2,2.024267,grouped_same_split
Training/notumor/Tr-no_1086.jpg,Training/notumor/Tr-no_184.jpg,0,2.060546,grouped_same_split
Training/notumor/Tr-no_1086.jpg,Training/notumor/Tr-no_622.jpg,2,4.443878,grouped_same_split
Training/notumor/Tr-no_1086.jpg,Training/notumor/Tr-no_675.jpg,0,0.634306,grouped_same_split
Training/notumor/Tr-no_1087.jpg,Training/notumor/Tr-no_540.jpg,0,0.503891,grouped_same_split
Training/notumor/Tr-no_1087.jpg,Training/notumor/Tr-no_96.jpg,0,0.658293,grouped_same_split
Training/notumor/Tr-no_1088.jpg,Training/notumor/Tr-no_195.jpg,2,0.529409,grouped_same_split
Training/notumor/Tr-no_1089.jpg,Training/notumor/Tr-no_323.jpg,2,2.37392,grouped_same_split
Training/notumor/Tr-no_1091.jpg,Training/notumor/Tr-no_199.jpg,2,1.078578,grouped_same_split
Training/notumor/Tr-no_1091.jpg,Training/notumor/Tr-no_538.jpg,0,0.984871,grouped_same_split
Training/notumor/Tr-no_1091.jpg,Training/notumor/Tr-no_715.jpg,0,0.446886,grouped_same_split
Training/notumor/Tr-no_1091.jpg,Training/notumor/Tr-no_936.jpg,0,4.556476,grouped_same_split
Training/notumor/Tr-no_1092.jpg,Training/notumor/Tr-no_84.jpg,2,4.136024,grouped_same_split
Training/notumor/Tr-no_1095.jpg,Training/notumor/Tr-no_1237.jpg,0,0.7405,grouped_same_split
Training/notumor/Tr-no_1095.jpg,Training/notumor/Tr-no_317.jpg,0,1.004871,grouped_same_split
Training/notumor/Tr-no_1095.jpg,Training/notumor/Tr-no_882.jpg,0,0.736367,grouped_same_split
Training/notumor/Tr-no_1099.jpg,Training/notumor/Tr-no_245.jpg,0,0.85081,grouped_same_split
Training/notumor/Tr-no_1099.jpg,Training/notumor/Tr-no_465.jpg,0,0.8521,grouped_same_split
Training/notumor/Tr-no_1099.jpg,Training/notumor/Tr-no_861.jpg,0,0.936327,grouped_same_split
Training/notumor/Tr-no_11.jpg,Training/notumor/Tr-no_1193.jpg,4,6.783338,grouped_same_split
Training/notumor/Tr-no_11.jpg,Training/notumor/Tr-no_19.jpg,0,1.293482,grouped_same_split
Training/notumor/Tr-no_11.jpg,Training/notumor/Tr-no_334.jpg,0,0.770869,grouped_same_split
Training/notumor/Tr-no_11.jpg,Training/notumor/Tr-no_447.jpg,0,1.28477,grouped_same_split
Training/notumor/Tr-no_11.jpg,Training/notumor/Tr-no_499.jpg,0,0.75341,grouped_same_split
Training/notumor/Tr-no_11.jpg,Training/notumor/Tr-no_546.jpg,4,6.584376,grouped_same_split
Training/notumor/Tr-no_11.jpg,Training/notumor/Tr-no_651.jpg,0,1.291121,grouped_same_split
Training/notumor/Tr-no_11.jpg,Training/notumor/Tr-no_716.jpg,0,1.272742,grouped_same_split
Training/notumor/Tr-no_11.jpg,Training/notumor/Tr-no_986.jpg,0,1.274084,grouped_same_split
Training/notumor/Tr-no_1100.jpg,Training/notumor/Tr-no_1290.jpg,2,0.789333,grouped_same_split
Training/notumor/Tr-no_1100.jpg,Training/notumor/Tr-no_280.jpg,4,1.824783,grouped_same_split
Training/notumor/Tr-no_1100.jpg,Training/notumor/Tr-no_42.jpg,2,0.805256,grouped_same_split
Training/notumor/Tr-no_1100.jpg,Training/notumor/Tr-no_774.jpg,2,0.847935,grouped_same_split
Training/notumor/Tr-no_1100.jpg,Training/notumor/Tr-no_962.jpg,0,1.038798,grouped_same_split
Training/notumor/Tr-no_1102.jpg,Training/notumor/Tr-no_46.jpg,0,1.535072,grouped_same_split
Training/notumor/Tr-no_1103.jpg,Training/notumor/Tr-no_811.jpg,0,4.689167,grouped_same_split
Training/notumor/Tr-no_1103.jpg,Training/notumor/Tr-no_948.jpg,2,3.304937,grouped_same_split
Training/notumor/Tr-no_1107.jpg,Training/notumor/Tr-no_1215.jpg,0,0.912157,grouped_same_split
Training/notumor/Tr-no_1108.jpg,Training/notumor/Tr-no_1150.jpg,0,0.673508,grouped_same_split
Training/notumor/Tr-no_1108.jpg,Training/notumor/Tr-no_721.jpg,2,0.32998,grouped_same_split
Training/notumor/Tr-no_1108.jpg,Training/notumor/Tr-no_751.jpg,0,0.903147,grouped_same_split
Training/notumor/Tr-no_1112.jpg,Training/notumor/Tr-no_1113.jpg,2,0.982513,grouped_same_split
Training/notumor/Tr-no_1112.jpg,Training/notumor/Tr-no_200.jpg,2,0.994123,grouped_same_split
Training/notumor/Tr-no_1112.jpg,Training/notumor/Tr-no_437.jpg,0,0.765147,grouped_same_split
Training/notumor/Tr-no_1112.jpg,Training/notumor/Tr-no_473.jpg,0,0.783746,grouped_same_split
Training/notumor/Tr-no_1113.jpg,Training/notumor/Tr-no_200.jpg,0,1.184618,grouped_same_split
Training/notumor/Tr-no_1113.jpg,Training/notumor/Tr-no_437.jpg,2,1.009718,grouped_same_split
Training/notumor/Tr-no_1113.jpg,Training/notumor/Tr-no_473.jpg,2,1.016946,grouped_same_split
Training/notumor/Tr-no_1116.jpg,Training/notumor/Tr-no_342.jpg,2,6.283757,grouped_same_split
Training/notumor/Tr-no_1117.jpg,Training/notumor/Tr-no_604.jpg,0,0.892679,grouped_same_split
Training/notumor/Tr-no_1117.jpg,Training/notumor/Tr-no_717.jpg,0,0.678384,grouped_same_split
Training/notumor/Tr-no_1118.jpg,Training/notumor/Tr-no_1224.jpg,2,0.46875,grouped_same_split
Training/notumor/Tr-no_1118.jpg,Training/notumor/Tr-no_1349.jpg,0,0.526634,grouped_same_split
Training/notumor/Tr-no_1118.jpg,Training/notumor/Tr-no_369.jpg,2,2.95643,grouped_same_split
Training/notumor/Tr-no_1119.jpg,Training/notumor/Tr-no_393.jpg,2,3.779086,grouped_same_split
Training/notumor/Tr-no_1119.jpg,Training/notumor/Tr-no_678.jpg,2,3.815764,grouped_same_split
Training/notumor/Tr-no_1120.jpg,Training/notumor/Tr-no_679.jpg,2,3.783219,grouped_same_split
Training/notumor/Tr-no_1120.jpg,Training/notumor/Tr-no_921.jpg,0,0.867293,grouped_same_split
Training/notumor/Tr-no_1122.jpg,Training/notumor/Tr-no_1192.jpg,0,1.53125,grouped_same_split
Training/notumor/Tr-no_1122.jpg,Training/notumor/Tr-no_902.jpg,0,1.930304,grouped_same_split
Training/notumor/Tr-no_1123.jpg,Training/notumor/Tr-no_149.jpg,0,1.762442,grouped_same_split
Training/notumor/Tr-no_1125.jpg,Training/notumor/Tr-no_141.jpg,0,0.898947,grouped_same_split
Training/notumor/Tr-no_1125.jpg,Training/notumor/Tr-no_993.jpg,0,0.71739,grouped_same_split
Training/notumor/Tr-no_1126.jpg,Training/notumor/Tr-no_694.jpg,0,0.355619,grouped_same_split
Training/notumor/Tr-no_1126.jpg,Training/notumor/Tr-no_878.jpg,2,0.768331,grouped_same_split
Training/notumor/Tr-no_1129.jpg,Training/notumor/Tr-no_737.jpg,2,7.125994,grouped_same_split
Training/notumor/Tr-no_113.jpg,Training/notumor/Tr-no_1163.jpg,2,2.79526,grouped_same_split
Training/notumor/Tr-no_113.jpg,Training/notumor/Tr-no_152.jpg,0,0.447977,grouped_same_split
Training/notumor/Tr-no_113.jpg,Training/notumor/Tr-no_331.jpg,2,2.649532,grouped_same_split
Training/notumor/Tr-no_1130.jpg,Training/notumor/Tr-no_1310.jpg,2,1.418006,grouped_same_split
Training/notumor/Tr-no_1130.jpg,Training/notumor/Tr-no_667.jpg,0,2.705111,grouped_same_split
Training/notumor/Tr-no_1132.jpg,Training/notumor/Tr-no_1214.jpg,2,1.158676,grouped_same_split
Training/notumor/Tr-no_1132.jpg,Training/notumor/Tr-no_640.jpg,0,1.342569,grouped_same_split
Training/notumor/Tr-no_1133.jpg,Training/notumor/Tr-no_1272.jpg,2,0.957852,grouped_same_split
Training/notumor/Tr-no_1135.jpg,Training/notumor/Tr-no_1255.jpg,2,3.869231,grouped_same_split
Training/notumor/Tr-no_1136.jpg,Training/notumor/Tr-no_480.jpg,0,1.164246,grouped_same_split
Training/notumor/Tr-no_1137.jpg,Training/notumor/Tr-no_647.jpg,0,2.088204,grouped_same_split
Training/notumor/Tr-no_1139.jpg,Training/notumor/Tr-no_221.jpg,0,1.010927,grouped_same_split
Training/notumor/Tr-no_1139.jpg,Training/notumor/Tr-no_800.jpg,0,0.324383,grouped_same_split
Training/notumor/Tr-no_1140.jpg,Training/notumor/Tr-no_14.jpg,0,3.756992,grouped_same_split
Training/notumor/Tr-no_1142.jpg,Training/notumor/Tr-no_1277.jpg,2,1.080387,grouped_same_split
Training/notumor/Tr-no_1142.jpg,Training/notumor/Tr-no_194.jpg,2,1.101535,grouped_same_split
Training/notumor/Tr-no_1142.jpg,Training/notumor/Tr-no_385.jpg,2,1.080613,grouped_same_split
Training/notumor/Tr-no_1142.jpg,Training/notumor/Tr-no_652.jpg,0,0.651958,grouped_same_split
Training/notumor/Tr-no_1142.jpg,Training/notumor/Tr-no_904.jpg,0,0.795802,grouped_same_split
Training/notumor/Tr-no_1144.jpg,Training/notumor/Tr-no_287.jpg,2,2.396286,grouped_same_split
Training/notumor/Tr-no_1144.jpg,Training/notumor/Tr-no_41.jpg,2,5.085236,grouped_same_split
Training/notumor/Tr-no_1145.jpg,Training/notumor/Tr-no_1206.jpg,0,1.127818,grouped_same_split
Training/notumor/Tr-no_1145.jpg,Training/notumor/Tr-no_1217.jpg,0,0.770235,grouped_same_split
Training/notumor/Tr-no_1145.jpg,Training/notumor/Tr-no_375.jpg,0,0.37953,grouped_same_split
Training/notumor/Tr-no_1146.jpg,Training/notumor/Tr-no_422.jpg,0,3.476694,grouped_same_split
Training/notumor/Tr-no_1150.jpg,Training/notumor/Tr-no_721.jpg,2,0.6875,grouped_same_split
Training/notumor/Tr-no_1150.jpg,Training/notumor/Tr-no_751.jpg,0,0.86306,grouped_same_split
Training/notumor/Tr-no_1151.jpg,Training/notumor/Tr-no_1315.jpg,2,2.045443,grouped_same_split
Training/notumor/Tr-no_1151.jpg,Training/notumor/Tr-no_270.jpg,2,2.057878,grouped_same_split
Training/notumor/Tr-no_1152.jpg,Training/notumor/Tr-no_856.jpg,0,1.064681,grouped_same_split
Training/notumor/Tr-no_1152.jpg,Training/notumor/Tr-no_917.jpg,2,1.041263,grouped_same_split
Training/notumor/Tr-no_1155.jpg,Training/notumor/Tr-no_1263.jpg,0,1.039973,grouped_same_split
Training/notumor/Tr-no_1156.jpg,Training/notumor/Tr-no_744.jpg,2,2.415668,grouped_same_split
Training/notumor/Tr-no_1156.jpg,Training/notumor/Tr-no_936.jpg,2,7.547538,grouped_same_split
Training/notumor/Tr-no_1157.jpg,Training/notumor/Tr-no_631.jpg,0,1.374201,grouped_same_split
Training/notumor/Tr-no_116.jpg,Training/notumor/Tr-no_865.jpg,0,0.582542,grouped_same_split
Training/notumor/Tr-no_1160.jpg,Training/notumor/Tr-no_327.jpg,0,1.143084,grouped_same_split
Training/notumor/Tr-no_1162.jpg,Training/notumor/Tr-no_43.jpg,0,0.378886,grouped_same_split
Training/notumor/Tr-no_1162.jpg,Training/notumor/Tr-no_541.jpg,2,1.178523,grouped_same_split
Training/notumor/Tr-no_1162.jpg,Training/notumor/Tr-no_575.jpg,0,0.805408,grouped_same_split
Training/notumor/Tr-no_1162.jpg,Training/notumor/Tr-no_708.jpg,0,0.836631,grouped_same_split
Training/notumor/Tr-no_1163.jpg,Training/notumor/Tr-no_152.jpg,2,2.802325,grouped_same_split
Training/notumor/Tr-no_1163.jpg,Training/notumor/Tr-no_331.jpg,2,0.773082,grouped_same_split
Training/notumor/Tr-no_1164.jpg,Training/notumor/Tr-no_1382.jpg,0,1.016706,grouped_same_split
Training/notumor/Tr-no_1165.jpg,Training/notumor/Tr-no_910.jpg,0,0.816995,grouped_same_split
Training/notumor/Tr-no_1166.jpg,Training/notumor/Tr-no_405.jpg,0,0.883193,grouped_same_split
Training/notumor/Tr-no_1166.jpg,Training/notumor/Tr-no_966.jpg,0,0.884988,grouped_same_split
Training/notumor/Tr-no_1168.jpg,Training/notumor/Tr-no_343.jpg,0,0.65476,grouped_same_split
Training/notumor/Tr-no_1168.jpg,Training/notumor/Tr-no_572.jpg,0,0.672057,grouped_same_split
Training/notumor/Tr-no_1169.jpg,Training/notumor/Tr-no_1336.jpg,0,0.98611,grouped_same_split
Training/notumor/Tr-no_117.jpg,Training/notumor/Tr-no_687.jpg,0,0.738684,grouped_same_split
Training/notumor/Tr-no_117.jpg,Training/notumor/Tr-no_929.jpg,0,0.743953,grouped_same_split
Training/notumor/Tr-no_1170.jpg,Training/notumor/Tr-no_1220.jpg,0,0.802371,grouped_same_split
Training/notumor/Tr-no_1170.jpg,Training/notumor/Tr-no_1244.jpg,0,0.392806,grouped_same_split
Training/notumor/Tr-no_1170.jpg,Training/notumor/Tr-no_1304.jpg,2,2.555249,grouped_same_split
Training/notumor/Tr-no_1170.jpg,Training/notumor/Tr-no_559.jpg,0,1.291404,grouped_same_split
Training/notumor/Tr-no_1170.jpg,Training/notumor/Tr-no_620.jpg,0,1.337923,grouped_same_split
Training/notumor/Tr-no_1170.jpg,Training/notumor/Tr-no_841.jpg,0,3.709416,grouped_same_split
Training/notumor/Tr-no_1170.jpg,Training/notumor/Tr-no_955.jpg,0,1.314823,grouped_same_split
Training/notumor/Tr-no_1173.jpg,Training/notumor/Tr-no_316.jpg,0,1.432481,grouped_same_split
Training/notumor/Tr-no_1175.jpg,Training/notumor/Tr-no_893.jpg,2,2.291767,grouped_same_split
Training/notumor/Tr-no_1176.jpg,Training/notumor/Tr-no_1228.jpg,0,1.399812,grouped_same_split
Training/notumor/Tr-no_1176.jpg,Training/notumor/Tr-no_216.jpg,2,2.661438,grouped_same_split
Training/notumor/Tr-no_118.jpg,Training/notumor/Tr-no_1300.jpg,0,1.453461,grouped_same_split
Training/notumor/Tr-no_118.jpg,Training/notumor/Tr-no_1303.jpg,0,1.787271,grouped_same_split
Training/notumor/Tr-no_118.jpg,Training/notumor/Tr-no_142.jpg,0,2.008284,grouped_same_split
Training/notumor/Tr-no_1184.jpg,Training/notumor/Tr-no_741.jpg,0,1.59122,grouped_same_split
Training/notumor/Tr-no_1184.jpg,Training/notumor/Tr-no_976.jpg,0,1.564686,grouped_same_split
Training/notumor/Tr-no_1189.jpg,Training/notumor/Tr-no_466.jpg,0,2.920371,grouped_same_split
Training/notumor/Tr-no_119.jpg,Training/notumor/Tr-no_88.jpg,0,1.021258,grouped_same_split
Training/notumor/Tr-no_1190.jpg,Training/notumor/Tr-no_204.jpg,2,3.016677,grouped_same_split
Training/notumor/Tr-no_1190.jpg,Training/notumor/Tr-no_243.jpg,0,0.935936,grouped_same_split
Training/notumor/Tr-no_1190.jpg,Training/notumor/Tr-no_304.jpg,4,1.633093,grouped_same_split
Training/notumor/Tr-no_1190.jpg,Training/notumor/Tr-no_718.jpg,2,0.677844,grouped_same_split
Training/notumor/Tr-no_1190.jpg,Training/notumor/Tr-no_847.jpg,0,0.677664,grouped_same_split
Training/notumor/Tr-no_1192.jpg,Training/notumor/Tr-no_902.jpg,0,1.726262,grouped_same_split
Training/notumor/Tr-no_1193.jpg,Training/notumor/Tr-no_19.jpg,4,6.962914,grouped_same_split
Training/notumor/Tr-no_1193.jpg,Training/notumor/Tr-no_334.jpg,4,6.879047,grouped_same_split
Training/notumor/Tr-no_1193.jpg,Training/notumor/Tr-no_447.jpg,4,6.948489,grouped_same_split
Training/notumor/Tr-no_1193.jpg,Training/notumor/Tr-no_499.jpg,4,6.847049,grouped_same_split
Training/notumor/Tr-no_1193.jpg,Training/notumor/Tr-no_546.jpg,2,1.357488,grouped_same_split
Training/notumor/Tr-no_1193.jpg,Training/notumor/Tr-no_651.jpg,4,6.881389,grouped_same_split
Training/notumor/Tr-no_1193.jpg,Training/notumor/Tr-no_716.jpg,4,6.915841,grouped_same_split
Training/notumor/Tr-no_1193.jpg,Training/notumor/Tr-no_986.jpg,4,6.929983,grouped_same_split
Training/notumor/Tr-no_1195.jpg,Training/notumor/Tr-no_1232.jpg,0,0.761629,grouped_same_split
Training/notumor/Tr-no_1195.jpg,Training/notumor/Tr-no_1238.jpg,2,7.646582,grouped_same_split
Training/notumor/Tr-no_1195.jpg,Training/notumor/Tr-no_145.jpg,0,0.843895,grouped_same_split
Training/notumor/Tr-no_1195.jpg,Training/notumor/Tr-no_892.jpg,0,2.507168,grouped_same_split
Training/notumor/Tr-no_1198.jpg,Training/notumor/Tr-no_526.jpg,2,1.036916,grouped_same_split
Training/notumor/Tr-no_1198.jpg,Training/notumor/Tr-no_623.jpg,0,0.326634,grouped_same_split
Training/notumor/Tr-no_1199.jpg,Training/notumor/Tr-no_398.jpg,0,3.304974,grouped_same_split
Training/notumor/Tr-no_1200.jpg,Training/notumor/Tr-no_1376.jpg,2,4.118099,grouped_same_split
Training/notumor/Tr-no_1200.jpg,Training/notumor/Tr-no_858.jpg,0,0.486638,grouped_same_split
Training/notumor/Tr-no_1200.jpg,Training/notumor/Tr-no_985.jpg,0,0.560979,grouped_same_split
Training/notumor/Tr-no_1202.jpg,Training/notumor/Tr-no_1370.jpg,0,0.854246,grouped_same_split
Training/notumor/Tr-no_1202.jpg,Training/notumor/Tr-no_583.jpg,0,1.163827,grouped_same_split
Training/notumor/Tr-no_1203.jpg,Training/notumor/Tr-no_347.jpg,0,0.30738,grouped_same_split
Training/notumor/Tr-no_1203.jpg,Training/notumor/Tr-no_365.jpg,0,1.008146,grouped_same_split
Training/notumor/Tr-no_1203.jpg,Training/notumor/Tr-no_386.jpg,0,0.673689,grouped_same_split
Training/notumor/Tr-no_1206.jpg,Training/notumor/Tr-no_1217.jpg,0,1.033378,grouped_same_split
Training/notumor/Tr-no_1206.jpg,Training/notumor/Tr-no_375.jpg,0,1.15836,grouped_same_split
Training/notumor/Tr-no_1210.jpg,Training/notumor/Tr-no_338.jpg,2,3.745929,grouped_same_split
Training/notumor/Tr-no_1210.jpg,Training/notumor/Tr-no_875.jpg,2,3.796843,grouped_same_split
Training/notumor/Tr-no_1211.jpg,Training/notumor/Tr-no_314.jpg,4,3.123632,grouped_same_split
Training/notumor/Tr-no_1211.jpg,Training/notumor/Tr-no_626.jpg,2,3.179985,grouped_same_split
Training/notumor/Tr-no_1211.jpg,Training/notumor/Tr-no_665.jpg,2,3.150366,grouped_same_split
Training/notumor/Tr-no_1212.jpg,Training/notumor/Tr-no_303.jpg,0,0.960652,grouped_same_split
Training/notumor/Tr-no_1212.jpg,Training/notumor/Tr-no_818.jpg,2,3.75013,grouped_same_split
Training/notumor/Tr-no_1214.jpg,Training/notumor/Tr-no_640.jpg,2,0.764827,grouped_same_split
Training/notumor/Tr-no_1216.jpg,Training/notumor/Tr-no_178.jpg,4,1.058817,grouped_same_split
Training/notumor/Tr-no_1216.jpg,Training/notumor/Tr-no_634.jpg,4,0.790878,grouped_same_split
Training/notumor/Tr-no_1217.jpg,Training/notumor/Tr-no_375.jpg,0,0.793344,grouped_same_split
Training/notumor/Tr-no_1218.jpg,Training/notumor/Tr-no_439.jpg,0,0.562717,grouped_same_split
Training/notumor/Tr-no_1218.jpg,Training/notumor/Tr-no_557.jpg,0,0.810394,grouped_same_split
Training/notumor/Tr-no_122.jpg,Training/notumor/Tr-no_80.jpg,0,0.752762,grouped_same_split
Training/notumor/Tr-no_1220.jpg,Training/notumor/Tr-no_1244.jpg,0,0.777334,grouped_same_split
Training/notumor/Tr-no_1220.jpg,Training/notumor/Tr-no_1304.jpg,2,2.735535,grouped_same_split
Training/notumor/Tr-no_1220.jpg,Training/notumor/Tr-no_559.jpg,0,1.563593,grouped_same_split
Training/notumor/Tr-no_1220.jpg,Training/notumor/Tr-no_620.jpg,0,1.550816,grouped_same_split
Training/notumor/Tr-no_1220.jpg,Training/notumor/Tr-no_841.jpg,0,3.611404,grouped_same_split
Training/notumor/Tr-no_1220.jpg,Training/notumor/Tr-no_955.jpg,0,1.592677,grouped_same_split
Training/notumor/Tr-no_1222.jpg,Training/notumor/Tr-no_184.jpg,2,1.383232,grouped_same_split
Training/notumor/Tr-no_1222.jpg,Training/notumor/Tr-no_622.jpg,0,4.95379,grouped_same_split
Training/notumor/Tr-no_1222.jpg,Training/notumor/Tr-no_675.jpg,2,2.068882,grouped_same_split
Training/notumor/Tr-no_1224.jpg,Training/notumor/Tr-no_1349.jpg,2,0.512538,grouped_same_split
Training/notumor/Tr-no_1224.jpg,Training/notumor/Tr-no_369.jpg,0,2.905956,grouped_same_split
Training/notumor/Tr-no_1226.jpg,Training/notumor/Tr-no_707.jpg,0,1.772801,grouped_same_split
Training/notumor/Tr-no_1227.jpg,Training/notumor/Tr-no_795.jpg,2,1.299508,grouped_same_split
Training/notumor/Tr-no_1228.jpg,Training/notumor/Tr-no_216.jpg,2,2.786118,grouped_same_split
Training/notumor/Tr-no_1230.jpg,Training/notumor/Tr-no_1282.jpg,0,2.150468,grouped_same_split
Training/notumor/Tr-no_1230.jpg,Training/notumor/Tr-no_425.jpg,0,1.233781,grouped_same_split
Training/notumor/Tr-no_1230.jpg,Training/notumor/Tr-no_558.jpg,0,2.12477,grouped_same_split
Training/notumor/Tr-no_1230.jpg,Training/notumor/Tr-no_740.jpg,0,1.664044,grouped_same_split
Training/notumor/Tr-no_1231.jpg,Training/notumor/Tr-no_55.jpg,0,0.963316,grouped_same_split
Training/notumor/Tr-no_1231.jpg,Training/notumor/Tr-no_578.jpg,0,0.945409,grouped_same_split
Training/notumor/Tr-no_1232.jpg,Training/notumor/Tr-no_145.jpg,0,0.803891,grouped_same_split
Training/notumor/Tr-no_1232.jpg,Training/notumor/Tr-no_892.jpg,0,2.476205,grouped_same_split
Training/notumor/Tr-no_1236.jpg,Training/notumor/Tr-no_382.jpg,0,1.705703,grouped_same_split
Training/notumor/Tr-no_1237.jpg,Training/notumor/Tr-no_317.jpg,0,1.127168,grouped_same_split
Training/notumor/Tr-no_1237.jpg,Training/notumor/Tr-no_882.jpg,0,0.941009,grouped_same_split
Training/notumor/Tr-no_1238.jpg,Training/notumor/Tr-no_892.jpg,2,7.622262,grouped_same_split
Training/notumor/Tr-no_1239.jpg,Training/notumor/Tr-no_502.jpg,0,0.713808,grouped_same_split
Training/notumor/Tr-no_1239.jpg,Training/notumor/Tr-no_736.jpg,0,0.7405,grouped_same_split
Training/notumor/Tr-no_1239.jpg,Training/notumor/Tr-no_927.jpg,0,1.00061,grouped_same_split
Training/notumor/Tr-no_124.jpg,Training/notumor/Tr-no_987.jpg,2,4.091632,grouped_same_split
Training/notumor/Tr-no_1243.jpg,Training/notumor/Tr-no_51.jpg,0,0.752924,grouped_same_split
Training/notumor/Tr-no_1244.jpg,Training/notumor/Tr-no_1304.jpg,2,2.597982,grouped_same_split
Training/notumor/Tr-no_1244.jpg,Training/notumor/Tr-no_559.jpg,0,1.338927,grouped_same_split
Training/notumor/Tr-no_1244.jpg,Training/notumor/Tr-no_620.jpg,0,1.359644,grouped_same_split
Training/notumor/Tr-no_1244.jpg,Training/notumor/Tr-no_841.jpg,0,3.661455,grouped_same_split
Training/notumor/Tr-no_1244.jpg,Training/notumor/Tr-no_955.jpg,0,1.365825,grouped_same_split
Training/notumor/Tr-no_1246.jpg,Training/notumor/Tr-no_528.jpg,2,1.535549,grouped_same_split
Training/notumor/Tr-no_1247.jpg,Training/notumor/Tr-no_176.jpg,2,0.839253,grouped_same_split
Training/notumor/Tr-no_1247.jpg,Training/notumor/Tr-no_288.jpg,0,1.202516,grouped_same_split
Training/notumor/Tr-no_1247.jpg,Training/notumor/Tr-no_321.jpg,0,1.200586,grouped_same_split
Training/notumor/Tr-no_1247.jpg,Training/notumor/Tr-no_536.jpg,0,1.220852,grouped_same_split
Training/notumor/Tr-no_1247.jpg,Training/notumor/Tr-no_552.jpg,2,3.147187,grouped_same_split
Training/notumor/Tr-no_1247.jpg,Training/notumor/Tr-no_56.jpg,0,0.707107,grouped_same_split
Training/notumor/Tr-no_1247.jpg,Training/notumor/Tr-no_612.jpg,0,1.209702,grouped_same_split
Training/notumor/Tr-no_1247.jpg,Training/notumor/Tr-no_657.jpg,2,1.0625,grouped_same_split
Training/notumor/Tr-no_1250.jpg,Training/notumor/Tr-no_345.jpg,2,3.134517,grouped_same_split
Training/notumor/Tr-no_1250.jpg,Training/notumor/Tr-no_673.jpg,0,0.502435,grouped_same_split
Training/notumor/Tr-no_1256.jpg,Training/notumor/Tr-no_253.jpg,2,1.169999,grouped_same_split
Training/notumor/Tr-no_1256.jpg,Training/notumor/Tr-no_476.jpg,2,4.976017,grouped_same_split
Training/notumor/Tr-no_1257.jpg,Training/notumor/Tr-no_21.jpg,0,0.837652,grouped_same_split
Training/notumor/Tr-no_1257.jpg,Training/notumor/Tr-no_224.jpg,0,0.686612,grouped_same_split
Training/notumor/Tr-no_1257.jpg,Training/notumor/Tr-no_249.jpg,0,0.862211,grouped_same_split
Training/notumor/Tr-no_1257.jpg,Training/notumor/Tr-no_251.jpg,2,2.688635,grouped_same_split
Training/notumor/Tr-no_1257.jpg,Training/notumor/Tr-no_82.jpg,0,0.684475,grouped_same_split
Training/notumor/Tr-no_1259.jpg,Training/notumor/Tr-no_645.jpg,0,1.015865,grouped_same_split
Training/notumor/Tr-no_1260.jpg,Training/notumor/Tr-no_960.jpg,0,1.235265,grouped_same_split
Training/notumor/Tr-no_1262.jpg,Training/notumor/Tr-no_1323.jpg,2,1.716689,grouped_same_split
Training/notumor/Tr-no_1262.jpg,Training/notumor/Tr-no_1326.jpg,0,1.69371,grouped_same_split
Training/notumor/Tr-no_1266.jpg,Training/notumor/Tr-no_1330.jpg,2,3.721572,grouped_same_split
Training/notumor/Tr-no_1269.jpg,Training/notumor/Tr-no_1353.jpg,2,4.43651,grouped_same_split
Training/notumor/Tr-no_1269.jpg,Training/notumor/Tr-no_682.jpg,2,4.463256,grouped_same_split
Training/notumor/Tr-no_127.jpg,Training/notumor/Tr-no_409.jpg,0,3.065488,grouped_same_split
Training/notumor/Tr-no_1273.jpg,Training/notumor/Tr-no_710.jpg,2,3.610728,grouped_same_split
Training/notumor/Tr-no_1276.jpg,Training/notumor/Tr-no_504.jpg,0,4.632727,grouped_same_split
Training/notumor/Tr-no_1277.jpg,Training/notumor/Tr-no_194.jpg,0,0.4664,grouped_same_split
Training/notumor/Tr-no_1277.jpg,Training/notumor/Tr-no_385.jpg,0,0.482608,grouped_same_split
Training/notumor/Tr-no_1277.jpg,Training/notumor/Tr-no_652.jpg,2,0.878342,grouped_same_split
Training/notumor/Tr-no_1277.jpg,Training/notumor/Tr-no_904.jpg,2,1.281917,grouped_same_split
Training/notumor/Tr-no_1280.jpg,Training/notumor/Tr-no_264.jpg,0,1.02793,grouped_same_split
Training/notumor/Tr-no_1281.jpg,Training/notumor/Tr-no_1306.jpg,2,0.84534,grouped_same_split
Training/notumor/Tr-no_1282.jpg,Training/notumor/Tr-no_425.jpg,0,2.011138,grouped_same_split
Training/notumor/Tr-no_1282.jpg,Training/notumor/Tr-no_558.jpg,0,0.85838,grouped_same_split
Training/notumor/Tr-no_1282.jpg,Training/notumor/Tr-no_740.jpg,0,2.366143,grouped_same_split
Training/notumor/Tr-no_1283.jpg,Training/notumor/Tr-no_18.jpg,0,2.193073,grouped_same_split
Training/notumor/Tr-no_1283.jpg,Training/notumor/Tr-no_189.jpg,2,5.034209,grouped_same_split
Training/notumor/Tr-no_1283.jpg,Training/notumor/Tr-no_925.jpg,0,0.580443,grouped_same_split
Training/notumor/Tr-no_1286.jpg,Training/notumor/Tr-no_461.jpg,0,0.749186,grouped_same_split
Training/notumor/Tr-no_1286.jpg,Training/notumor/Tr-no_820.jpg,0,1.180076,grouped_same_split
Training/notumor/Tr-no_1290.jpg,Training/notumor/Tr-no_280.jpg,2,1.428727,grouped_same_split
Training/notumor/Tr-no_1290.jpg,Training/notumor/Tr-no_42.jpg,0,0.782187,grouped_same_split
Training/notumor/Tr-no_1290.jpg,Training/notumor/Tr-no_774.jpg,0,0.331088,grouped_same_split
Training/notumor/Tr-no_1290.jpg,Training/notumor/Tr-no_962.jpg,2,1.363589,grouped_same_split
Training/notumor/Tr-no_1292.jpg,Training/notumor/Tr-no_555.jpg,0,0.891173,grouped_same_split
Training/notumor/Tr-no_1293.jpg,Training/notumor/Tr-no_329.jpg,0,1.967137,grouped_same_split
Training/notumor/Tr-no_1293.jpg,Training/notumor/Tr-no_374.jpg,2,1.60573,grouped_same_split
Training/notumor/Tr-no_1297.jpg,Training/notumor/Tr-no_272.jpg,2,4.509105,grouped_same_split
Training/notumor/Tr-no_1297.jpg,Training/notumor/Tr-no_797.jpg,2,4.472382,grouped_same_split
Training/notumor/Tr-no_1299.jpg,Training/notumor/Tr-no_424.jpg,0,1.457738,grouped_same_split
Training/notumor/Tr-no_1299.jpg,Training/notumor/Tr-no_53.jpg,0,1.730782,grouped_same_split
Training/notumor/Tr-no_1300.jpg,Training/notumor/Tr-no_1303.jpg,0,1.461167,grouped_same_split
Training/notumor/Tr-no_1300.jpg,Training/notumor/Tr-no_142.jpg,0,1.34275,grouped_same_split
Training/notumor/Tr-no_1301.jpg,Training/notumor/Tr-no_851.jpg,0,0.840851,grouped_same_split
Training/notumor/Tr-no_1302.jpg,Training/notumor/Tr-no_683.jpg,2,1.492576,grouped_same_split
Training/notumor/Tr-no_1302.jpg,Training/notumor/Tr-no_821.jpg,0,0.324007,grouped_same_split
Training/notumor/Tr-no_1303.jpg,Training/notumor/Tr-no_142.jpg,0,1.335001,grouped_same_split
Training/notumor/Tr-no_1304.jpg,Training/notumor/Tr-no_559.jpg,2,2.146206,grouped_same_split
Training/notumor/Tr-no_1304.jpg,Training/notumor/Tr-no_620.jpg,2,2.27482,grouped_same_split
Training/notumor/Tr-no_1304.jpg,Training/notumor/Tr-no_841.jpg,2,5.508516,grouped_same_split
Training/notumor/Tr-no_1304.jpg,Training/notumor/Tr-no_955.jpg,2,2.117461,grouped_same_split
Training/notumor/Tr-no_1305.jpg,Training/notumor/Tr-no_591.jpg,0,4.583295,grouped_same_split
Training/notumor/Tr-no_1310.jpg,Training/notumor/Tr-no_667.jpg,2,2.495944,grouped_same_split
Training/notumor/Tr-no_1314.jpg,Training/notumor/Tr-no_49.jpg,0,3.699464,grouped_same_split
Training/notumor/Tr-no_1315.jpg,Training/notumor/Tr-no_270.jpg,0,0.619704,grouped_same_split
Training/notumor/Tr-no_1316.jpg,Training/notumor/Tr-no_701.jpg,0,1.026266,grouped_same_split
Training/notumor/Tr-no_1316.jpg,Training/notumor/Tr-no_867.jpg,0,0.697547,grouped_same_split
Training/notumor/Tr-no_1316.jpg,Training/notumor/Tr-no_984.jpg,0,0.33439,grouped_same_split
Training/notumor/Tr-no_132.jpg,Training/notumor/Tr-no_733.jpg,2,1.441062,grouped_same_split
Training/notumor/Tr-no_132.jpg,Training/notumor/Tr-no_9.jpg,0,1.731275,grouped_same_split
Training/notumor/Tr-no_1321.jpg,Training/notumor/Tr-no_310.jpg,2,1.149792,grouped_same_split
Training/notumor/Tr-no_1321.jpg,Training/notumor/Tr-no_829.jpg,2,1.464922,grouped_same_split
Training/notumor/Tr-no_1323.jpg,Training/notumor/Tr-no_1326.jpg,2,0.419554,grouped_same_split
Training/notumor/Tr-no_1328.jpg,Training/notumor/Tr-no_554.jpg,0,1.119452,grouped_same_split
Training/notumor/Tr-no_1338.jpg,Training/notumor/Tr-no_1355.jpg,0,2.213186,grouped_same_split
Training/notumor/Tr-no_1338.jpg,Training/notumor/Tr-no_628.jpg,0,0.742804,grouped_same_split
Training/notumor/Tr-no_134.jpg,Training/notumor/Tr-no_301.jpg,0,0.734209,grouped_same_split
Training/notumor/Tr-no_134.jpg,Training/notumor/Tr-no_464.jpg,0,0.330719,grouped_same_split
Training/notumor/Tr-no_134.jpg,Training/notumor/Tr-no_681.jpg,0,0.957852,grouped_same_split
Training/notumor/Tr-no_1340.jpg,Training/notumor/Tr-no_704.jpg,2,6.535454,grouped_same_split
Training/notumor/Tr-no_1340.jpg,Training/notumor/Tr-no_994.jpg,2,6.52405,grouped_same_split
Training/notumor/Tr-no_1341.jpg,Training/notumor/Tr-no_352.jpg,0,0.226966,grouped_same_split
Training/notumor/Tr-no_1341.jpg,Training/notumor/Tr-no_443.jpg,0,3.121326,grouped_same_split
Training/notumor/Tr-no_1343.jpg,Training/notumor/Tr-no_1379.jpg,0,0.498043,grouped_same_split
Training/notumor/Tr-no_1343.jpg,Training/notumor/Tr-no_328.jpg,2,1.119562,grouped_same_split
Training/notumor/Tr-no_1343.jpg,Training/notumor/Tr-no_784.jpg,0,1.29791,grouped_same_split
Training/notumor/Tr-no_1346.jpg,Training/notumor/Tr-no_1347.jpg,2,0.776548,grouped_same_split
Training/notumor/Tr-no_1346.jpg,Training/notumor/Tr-no_61.jpg,2,0.331088,grouped_same_split
Training/notumor/Tr-no_1346.jpg,Training/notumor/Tr-no_748.jpg,2,0.7526,grouped_same_split
Training/notumor/Tr-no_1347.jpg,Training/notumor/Tr-no_61.jpg,0,0.761789,grouped_same_split
Training/notumor/Tr-no_1347.jpg,Training/notumor/Tr-no_748.jpg,0,0.97503,grouped_same_split
Training/notumor/Tr-no_1349.jpg,Training/notumor/Tr-no_369.jpg,2,2.879709,grouped_same_split
Training/notumor/Tr-no_135.jpg,Training/notumor/Tr-no_545.jpg,0,0.79442,grouped_same_split
Training/notumor/Tr-no_1350.jpg,Training/notumor/Tr-no_1367.jpg,0,0.98127,grouped_same_split
Training/notumor/Tr-no_1353.jpg,Training/notumor/Tr-no_682.jpg,0,0.72568,grouped_same_split
Training/notumor/Tr-no_1355.jpg,Training/notumor/Tr-no_628.jpg,0,2.234921,grouped_same_split
Training/notumor/Tr-no_1358.jpg,Training/notumor/Tr-no_162.jpg,0,0.648202,grouped_same_split
Training/notumor/Tr-no_1358.jpg,Training/notumor/Tr-no_853.jpg,0,3.527342,grouped_same_split
Training/notumor/Tr-no_136.jpg,Training/notumor/Tr-no_713.jpg,2,3.134166,grouped_same_split
Training/notumor/Tr-no_1362.jpg,Training/notumor/Tr-no_561.jpg,2,3.788249,grouped_same_split
Training/notumor/Tr-no_1364.jpg,Training/notumor/Tr-no_50.jpg,2,1.294897,grouped_same_split
Training/notumor/Tr-no_1364.jpg,Training/notumor/Tr-no_799.jpg,0,0.349735,grouped_same_split
Training/notumor/Tr-no_1364.jpg,Training/notumor/Tr-no_876.jpg,0,0.475729,grouped_same_split
Training/notumor/Tr-no_1369.jpg,Training/notumor/Tr-no_926.jpg,0,1.400073,grouped_same_split
Training/notumor/Tr-no_1370.jpg,Training/notumor/Tr-no_583.jpg,0,1.347651,grouped_same_split
Training/notumor/Tr-no_1371.jpg,Training/notumor/Tr-no_234.jpg,0,4.00683,grouped_same_split
Training/notumor/Tr-no_1371.jpg,Training/notumor/Tr-no_402.jpg,2,1.767629,grouped_same_split
Training/notumor/Tr-no_1371.jpg,Training/notumor/Tr-no_488.jpg,2,1.575028,grouped_same_split
Training/notumor/Tr-no_1371.jpg,Training/notumor/Tr-no_643.jpg,0,4.020364,grouped_same_split
Training/notumor/Tr-no_1372.jpg,Training/notumor/Tr-no_703.jpg,2,1.022453,grouped_same_split
Training/notumor/Tr-no_1372.jpg,Training/notumor/Tr-no_827.jpg,2,1.439791,grouped_same_split
Training/notumor/Tr-no_1375.jpg,Training/notumor/Tr-no_37.jpg,0,4.195974,grouped_same_split
Training/notumor/Tr-no_1375.jpg,Training/notumor/Tr-no_514.jpg,0,1.687717,grouped_same_split
Training/notumor/Tr-no_1375.jpg,Training/notumor/Tr-no_735.jpg,2,5.532089,grouped_same_split
Training/notumor/Tr-no_1375.jpg,Training/notumor/Tr-no_74.jpg,2,2.868539,grouped_same_split
Training/notumor/Tr-no_1375.jpg,Training/notumor/Tr-no_873.jpg,0,4.205564,grouped_same_split
Training/notumor/Tr-no_1376.jpg,Training/notumor/Tr-no_858.jpg,2,4.094973,grouped_same_split
Training/notumor/Tr-no_1376.jpg,Training/notumor/Tr-no_985.jpg,2,4.097088,grouped_same_split
Training/notumor/Tr-no_1378.jpg,Training/notumor/Tr-no_579.jpg,2,4.442256,grouped_same_split
Training/notumor/Tr-no_1378.jpg,Training/notumor/Tr-no_684.jpg,0,6.588602,grouped_same_split
Training/notumor/Tr-no_1378.jpg,Training/notumor/Tr-no_822.jpg,2,5.482817,grouped_same_split
Training/notumor/Tr-no_1379.jpg,Training/notumor/Tr-no_328.jpg,2,1.09865,grouped_same_split
Training/notumor/Tr-no_1379.jpg,Training/notumor/Tr-no_784.jpg,0,1.278198,grouped_same_split
Training/notumor/Tr-no_1386.jpg,Training/notumor/Tr-no_823.jpg,2,0.881809,grouped_same_split
Training/notumor/Tr-no_139.jpg,Training/notumor/Tr-no_143.jpg,0,0.433576,grouped_same_split
Training/notumor/Tr-no_139.jpg,Training/notumor/Tr-no_175.jpg,0,1.226139,grouped_same_split
Training/notumor/Tr-no_1390.jpg,Training/notumor/Tr-no_625.jpg,2,1.254776,grouped_same_split
Training/notumor/Tr-no_1391.jpg,Training/notumor/Tr-no_202.jpg,4,6.933064,grouped_same_split
Training/notumor/Tr-no_1391.jpg,Training/notumor/Tr-no_388.jpg,4,6.978535,grouped_same_split
Training/notumor/Tr-no_1391.jpg,Training/notumor/Tr-no_837.jpg,4,6.960249,grouped_same_split
Training/notumor/Tr-no_1394.jpg,Training/notumor/Tr-no_168.jpg,0,1.455391,grouped_same_split
Training/notumor/Tr-no_140.jpg,Training/notumor/Tr-no_997.jpg,0,0.905846,grouped_same_split
Training/notumor/Tr-no_141.jpg,Training/notumor/Tr-no_993.jpg,0,0.704339,grouped_same_split
Training/notumor/Tr-no_143.jpg,Training/notumor/Tr-no_175.jpg,0,1.225343,grouped_same_split
Training/notumor/Tr-no_145.jpg,Training/notumor/Tr-no_892.jpg,0,2.512469,grouped_same_split
Training/notumor/Tr-no_146.jpg,Training/notumor/Tr-no_793.jpg,2,1.027099,grouped_same_split
Training/notumor/Tr-no_152.jpg,Training/notumor/Tr-no_331.jpg,2,2.654319,grouped_same_split
Training/notumor/Tr-no_158.jpg,Training/notumor/Tr-no_278.jpg,0,0.61476,grouped_same_split
Training/notumor/Tr-no_158.jpg,Training/notumor/Tr-no_370.jpg,0,3.290092,grouped_same_split
Training/notumor/Tr-no_158.jpg,Training/notumor/Tr-no_435.jpg,2,0.594572,grouped_same_split
Training/notumor/Tr-no_16.jpg,Training/notumor/Tr-no_497.jpg,0,1.154242,grouped_same_split
Training/notumor/Tr-no_160.jpg,Training/notumor/Tr-no_83.jpg,0,0.632571,grouped_same_split
Training/notumor/Tr-no_162.jpg,Training/notumor/Tr-no_853.jpg,0,3.558729,grouped_same_split
Training/notumor/Tr-no_169.jpg,Training/notumor/Tr-no_351.jpg,4,2.98597,grouped_same_split
Training/notumor/Tr-no_171.jpg,Training/notumor/Tr-no_415.jpg,0,0.378564,grouped_same_split
Training/notumor/Tr-no_171.jpg,Training/notumor/Tr-no_908.jpg,0,0.684653,grouped_same_split
Training/notumor/Tr-no_176.jpg,Training/notumor/Tr-no_288.jpg,2,1.20748,grouped_same_split
Training/notumor/Tr-no_176.jpg,Training/notumor/Tr-no_321.jpg,2,1.20495,grouped_same_split
Training/notumor/Tr-no_176.jpg,Training/notumor/Tr-no_536.jpg,2,1.226339,grouped_same_split
Training/notumor/Tr-no_176.jpg,Training/notumor/Tr-no_552.jpg,2,3.125898,grouped_same_split
Training/notumor/Tr-no_176.jpg,Training/notumor/Tr-no_56.jpg,2,0.697197,grouped_same_split
Training/notumor/Tr-no_176.jpg,Training/notumor/Tr-no_612.jpg,2,1.213229,grouped_same_split
Training/notumor/Tr-no_176.jpg,Training/notumor/Tr-no_657.jpg,0,0.910952,grouped_same_split
Training/notumor/Tr-no_177.jpg,Training/notumor/Tr-no_888.jpg,0,0.427623,grouped_same_split
Training/notumor/Tr-no_178.jpg,Training/notumor/Tr-no_634.jpg,0,0.614363,grouped_same_split
Training/notumor/Tr-no_18.jpg,Training/notumor/Tr-no_189.jpg,2,5.366545,grouped_same_split
Training/notumor/Tr-no_18.jpg,Training/notumor/Tr-no_925.jpg,0,2.191068,grouped_same_split
Training/notumor/Tr-no_182.jpg,Training/notumor/Tr-no_771.jpg,2,0.602526,grouped_same_split
Training/notumor/Tr-no_182.jpg,Training/notumor/Tr-no_815.jpg,2,6.747359,grouped_same_split
Training/notumor/Tr-no_182.jpg,Training/notumor/Tr-no_852.jpg,2,1.416197,grouped_same_split
Training/notumor/Tr-no_183.jpg,Training/notumor/Tr-no_812.jpg,0,1.937248,grouped_same_split
Training/notumor/Tr-no_184.jpg,Training/notumor/Tr-no_622.jpg,2,4.950561,grouped_same_split
Training/notumor/Tr-no_184.jpg,Training/notumor/Tr-no_675.jpg,0,2.102651,grouped_same_split
Training/notumor/Tr-no_186.jpg,Training/notumor/Tr-no_390.jpg,0,0.30298,grouped_same_split
Training/notumor/Tr-no_186.jpg,Training/notumor/Tr-no_722.jpg,0,0.654574,grouped_same_split
Training/notumor/Tr-no_186.jpg,Training/notumor/Tr-no_731.jpg,0,0.959126,grouped_same_split
Training/notumor/Tr-no_187.jpg,Training/notumor/Tr-no_508.jpg,0,3.333146,grouped_same_split
Training/notumor/Tr-no_187.jpg,Training/notumor/Tr-no_637.jpg,0,1.712845,grouped_same_split
Training/notumor/Tr-no_188.jpg,Training/notumor/Tr-no_319.jpg,2,1.267938,grouped_same_split
Training/notumor/Tr-no_188.jpg,Training/notumor/Tr-no_950.jpg,2,0.785457,grouped_same_split
Training/notumor/Tr-no_189.jpg,Training/notumor/Tr-no_925.jpg,2,5.076418,grouped_same_split
Training/notumor/Tr-no_19.jpg,Training/notumor/Tr-no_334.jpg,0,1.023765,grouped_same_split
Training/notumor/Tr-no_19.jpg,Training/notumor/Tr-no_447.jpg,0,0.320217,grouped_same_split
Training/notumor/Tr-no_19.jpg,Training/notumor/Tr-no_499.jpg,0,1.049088,grouped_same_split
Training/notumor/Tr-no_19.jpg,Training/notumor/Tr-no_546.jpg,4,6.782888,grouped_same_split
Training/notumor/Tr-no_19.jpg,Training/notumor/Tr-no_651.jpg,0,0.661991,grouped_same_split
Training/notumor/Tr-no_19.jpg,Training/notumor/Tr-no_716.jpg,0,0.526634,grouped_same_split
Training/notumor/Tr-no_19.jpg,Training/notumor/Tr-no_986.jpg,0,0.52151,grouped_same_split
Training/notumor/Tr-no_191.jpg,Training/notumor/Tr-no_290.jpg,2,4.232472,grouped_same_split
Training/notumor/Tr-no_194.jpg,Training/notumor/Tr-no_385.jpg,0,0.418388,grouped_same_split
Training/notumor/Tr-no_194.jpg,Training/notumor/Tr-no_652.jpg,2,0.850523,grouped_same_split
Training/notumor/Tr-no_194.jpg,Training/notumor/Tr-no_904.jpg,2,1.318439,grouped_same_split
Training/notumor/Tr-no_197.jpg,Training/notumor/Tr-no_396.jpg,0,1.602382,grouped_same_split
Training/notumor/Tr-no_199.jpg,Training/notumor/Tr-no_538.jpg,2,0.644614,grouped_same_split
Training/notumor/Tr-no_199.jpg,Training/notumor/Tr-no_715.jpg,2,1.053848,grouped_same_split
Training/notumor/Tr-no_199.jpg,Training/notumor/Tr-no_936.jpg,2,4.561697,grouped_same_split
Training/notumor/Tr-no_2.jpg,Training/notumor/Tr-no_23.jpg,4,2.803066,grouped_same_split
Training/notumor/Tr-no_2.jpg,Training/notumor/Tr-no_586.jpg,2,0.992526,grouped_same_split
Training/notumor/Tr-no_2.jpg,Training/notumor/Tr-no_833.jpg,0,3.709021,grouped_same_split
Training/notumor/Tr-no_200.jpg,Training/notumor/Tr-no_437.jpg,2,0.767695,grouped_same_split
Training/notumor/Tr-no_200.jpg,Training/notumor/Tr-no_473.jpg,2,0.785302,grouped_same_split
Training/notumor/Tr-no_201.jpg,Training/notumor/Tr-no_32.jpg,0,1.592064,grouped_same_split
Training/notumor/Tr-no_202.jpg,Training/notumor/Tr-no_388.jpg,0,0.60374,grouped_same_split
Training/notumor/Tr-no_202.jpg,Training/notumor/Tr-no_837.jpg,0,0.752113,grouped_same_split
Training/notumor/Tr-no_203.jpg,Training/notumor/Tr-no_339.jpg,0,1.004263,grouped_same_split
Training/notumor/Tr-no_204.jpg,Training/notumor/Tr-no_243.jpg,2,3.090315,grouped_same_split
Training/notumor/Tr-no_204.jpg,Training/notumor/Tr-no_304.jpg,2,2.891638,grouped_same_split
Training/notumor/Tr-no_204.jpg,Training/notumor/Tr-no_718.jpg,2,2.994828,grouped_same_split
Training/notumor/Tr-no_204.jpg,Training/notumor/Tr-no_847.jpg,2,3.033424,grouped_same_split
Training/notumor/Tr-no_205.jpg,Training/notumor/Tr-no_663.jpg,0,1.399463,grouped_same_split
Training/notumor/Tr-no_206.jpg,Training/notumor/Tr-no_515.jpg,2,0.858664,grouped_same_split
Training/notumor/Tr-no_206.jpg,Training/notumor/Tr-no_787.jpg,2,1.033497,grouped_same_split
Training/notumor/Tr-no_21.jpg,Training/notumor/Tr-no_224.jpg,0,0.682689,grouped_same_split
Training/notumor/Tr-no_21.jpg,Training/notumor/Tr-no_249.jpg,0,1.008872,grouped_same_split
Training/notumor/Tr-no_21.jpg,Training/notumor/Tr-no_251.jpg,2,2.697248,grouped_same_split
Training/notumor/Tr-no_21.jpg,Training/notumor/Tr-no_82.jpg,0,0.696146,grouped_same_split
Training/notumor/Tr-no_211.jpg,Training/notumor/Tr-no_320.jpg,2,1.227135,grouped_same_split
Training/notumor/Tr-no_22.jpg,Training/notumor/Tr-no_263.jpg,0,0.473414,grouped_same_split
Training/notumor/Tr-no_22.jpg,Training/notumor/Tr-no_417.jpg,2,5.144897,grouped_same_split
Training/notumor/Tr-no_22.jpg,Training/notumor/Tr-no_632.jpg,0,1.960735,grouped_same_split
Training/notumor/Tr-no_220.jpg,Training/notumor/Tr-no_666.jpg,0,0.32738,grouped_same_split
Training/notumor/Tr-no_220.jpg,Training/notumor/Tr-no_890.jpg,0,0.699121,grouped_same_split
Training/notumor/Tr-no_221.jpg,Training/notumor/Tr-no_800.jpg,0,0.994001,grouped_same_split
Training/notumor/Tr-no_223.jpg,Training/notumor/Tr-no_585.jpg,0,2.128157,grouped_same_split
Training/notumor/Tr-no_224.jpg,Training/notumor/Tr-no_249.jpg,0,0.97803,grouped_same_split
Training/notumor/Tr-no_224.jpg,Training/notumor/Tr-no_251.jpg,2,2.69847,grouped_same_split
Training/notumor/Tr-no_224.jpg,Training/notumor/Tr-no_82.jpg,0,0.32551,grouped_same_split
Training/notumor/Tr-no_226.jpg,Training/notumor/Tr-no_414.jpg,0,0.458215,grouped_same_split
Training/notumor/Tr-no_229.jpg,Training/notumor/Tr-no_580.jpg,0,2.278626,grouped_same_split
Training/notumor/Tr-no_23.jpg,Training/notumor/Tr-no_586.jpg,2,2.823935,grouped_same_split
Training/notumor/Tr-no_23.jpg,Training/notumor/Tr-no_833.jpg,4,5.571907,grouped_same_split
Training/notumor/Tr-no_234.jpg,Training/notumor/Tr-no_402.jpg,2,4.385645,grouped_same_split
Training/notumor/Tr-no_234.jpg,Training/notumor/Tr-no_488.jpg,2,4.297443,grouped_same_split
Training/notumor/Tr-no_234.jpg,Training/notumor/Tr-no_643.jpg,0,0.792882,grouped_same_split
Training/notumor/Tr-no_239.jpg,Training/notumor/Tr-no_404.jpg,2,4.219878,grouped_same_split
Training/notumor/Tr-no_239.jpg,Training/notumor/Tr-no_759.jpg,2,4.92599,grouped_same_split
Training/notumor/Tr-no_24.jpg,Training/notumor/Tr-no_469.jpg,0,0.862777,grouped_same_split
Training/notumor/Tr-no_24.jpg,Training/notumor/Tr-no_470.jpg,0,2.230985,grouped_same_split
Training/notumor/Tr-no_24.jpg,Training/notumor/Tr-no_772.jpg,0,0.781562,grouped_same_split
Training/notumor/Tr-no_241.jpg,Training/notumor/Tr-no_267.jpg,2,1.528058,grouped_same_split
Training/notumor/Tr-no_241.jpg,Training/notumor/Tr-no_611.jpg,2,2.248915,grouped_same_split
Training/notumor/Tr-no_243.jpg,Training/notumor/Tr-no_304.jpg,4,1.892367,grouped_same_split
Training/notumor/Tr-no_243.jpg,Training/notumor/Tr-no_718.jpg,2,0.894318,grouped_same_split
Training/notumor/Tr-no_243.jpg,Training/notumor/Tr-no_847.jpg,0,1.044307,grouped_same_split
Training/notumor/Tr-no_245.jpg,Training/notumor/Tr-no_465.jpg,0,0.418388,grouped_same_split
Training/notumor/Tr-no_245.jpg,Training/notumor/Tr-no_861.jpg,0,0.642718,grouped_same_split
Training/notumor/Tr-no_249.jpg,Training/notumor/Tr-no_251.jpg,2,2.707141,grouped_same_split
Training/notumor/Tr-no_249.jpg,Training/notumor/Tr-no_82.jpg,0,0.993878,grouped_same_split
Training/notumor/Tr-no_251.jpg,Training/notumor/Tr-no_82.jpg,2,2.724043,grouped_same_split
Training/notumor/Tr-no_253.jpg,Training/notumor/Tr-no_476.jpg,2,4.968283,grouped_same_split
Training/notumor/Tr-no_259.jpg,Training/notumor/Tr-no_517.jpg,0,2.313977,grouped_same_split
Training/notumor/Tr-no_260.jpg,Training/notumor/Tr-no_296.jpg,0,0.948632,grouped_same_split
Training/notumor/Tr-no_260.jpg,Training/notumor/Tr-no_453.jpg,0,1.067429,grouped_same_split
Training/notumor/Tr-no_260.jpg,Training/notumor/Tr-no_588.jpg,0,0.946958,grouped_same_split
Training/notumor/Tr-no_262.jpg,Training/notumor/Tr-no_789.jpg,0,0.868559,grouped_same_split
Training/notumor/Tr-no_263.jpg,Training/notumor/Tr-no_417.jpg,2,5.180883,grouped_same_split
Training/notumor/Tr-no_263.jpg,Training/notumor/Tr-no_632.jpg,0,1.953,grouped_same_split
Training/notumor/Tr-no_266.jpg,Training/notumor/Tr-no_478.jpg,2,3.522043,grouped_same_split
Training/notumor/Tr-no_266.jpg,Training/notumor/Tr-no_512.jpg,0,0.642338,grouped_same_split
Training/notumor/Tr-no_267.jpg,Training/notumor/Tr-no_611.jpg,0,1.771354,grouped_same_split
Training/notumor/Tr-no_27.jpg,Training/notumor/Tr-no_898.jpg,0,1.159624,grouped_same_split
Training/notumor/Tr-no_272.jpg,Training/notumor/Tr-no_797.jpg,0,0.672601,grouped_same_split
Training/notumor/Tr-no_276.jpg,Training/notumor/Tr-no_947.jpg,2,1.48454,grouped_same_split
Training/notumor/Tr-no_277.jpg,Training/notumor/Tr-no_633.jpg,0,0.846783,grouped_same_split
Training/notumor/Tr-no_278.jpg,Training/notumor/Tr-no_370.jpg,0,3.322582,grouped_same_split
Training/notumor/Tr-no_278.jpg,Training/notumor/Tr-no_435.jpg,2,0.51728,grouped_same_split
Training/notumor/Tr-no_280.jpg,Training/notumor/Tr-no_42.jpg,2,1.804062,grouped_same_split
Training/notumor/Tr-no_280.jpg,Training/notumor/Tr-no_774.jpg,2,1.357128,grouped_same_split
Training/notumor/Tr-no_280.jpg,Training/notumor/Tr-no_962.jpg,4,2.321299,grouped_same_split
Training/notumor/Tr-no_282.jpg,Training/notumor/Tr-no_790.jpg,0,0.372387,grouped_same_split
Training/notumor/Tr-no_285.jpg,Training/notumor/Tr-no_590.jpg,0,1.581602,grouped_same_split
Training/notumor/Tr-no_286.jpg,Training/notumor/Tr-no_752.jpg,0,0.569402,grouped_same_split
Training/notumor/Tr-no_287.jpg,Training/notumor/Tr-no_41.jpg,0,5.397414,grouped_same_split
Training/notumor/Tr-no_288.jpg,Training/notumor/Tr-no_321.jpg,0,0.359375,grouped_same_split
Training/notumor/Tr-no_288.jpg,Training/notumor/Tr-no_536.jpg,0,0.380173,grouped_same_split
Training/notumor/Tr-no_288.jpg,Training/notumor/Tr-no_552.jpg,2,3.169257,grouped_same_split
Training/notumor/Tr-no_288.jpg,Training/notumor/Tr-no_56.jpg,0,1.039151,grouped_same_split
Training/notumor/Tr-no_288.jpg,Training/notumor/Tr-no_612.jpg,0,0.470569,grouped_same_split
Training/notumor/Tr-no_288.jpg,Training/notumor/Tr-no_657.jpg,2,1.408765,grouped_same_split
Training/notumor/Tr-no_293.jpg,Training/notumor/Tr-no_885.jpg,2,1.036681,grouped_same_split
Training/notumor/Tr-no_296.jpg,Training/notumor/Tr-no_453.jpg,0,0.706934,grouped_same_split
Training/notumor/Tr-no_296.jpg,Training/notumor/Tr-no_588.jpg,0,0.324383,grouped_same_split
Training/notumor/Tr-no_301.jpg,Training/notumor/Tr-no_464.jpg,0,0.730208,grouped_same_split
Training/notumor/Tr-no_301.jpg,Training/notumor/Tr-no_681.jpg,0,0.948117,grouped_same_split
Training/notumor/Tr-no_303.jpg,Training/notumor/Tr-no_818.jpg,2,3.715597,grouped_same_split
Training/notumor/Tr-no_304.jpg,Training/notumor/Tr-no_718.jpg,2,1.690969,grouped_same_split
Training/notumor/Tr-no_304.jpg,Training/notumor/Tr-no_847.jpg,4,1.670122,grouped_same_split
Training/notumor/Tr-no_306.jpg,Training/notumor/Tr-no_761.jpg,0,1.709492,grouped_same_split
Training/notumor/Tr-no_31.jpg,Training/notumor/Tr-no_919.jpg,0,0.829598,grouped_same_split
Training/notumor/Tr-no_310.jpg,Training/notumor/Tr-no_829.jpg,0,1.621315,grouped_same_split
Training/notumor/Tr-no_311.jpg,Training/notumor/Tr-no_742.jpg,0,2.047352,grouped_same_split
Training/notumor/Tr-no_312.jpg,Training/notumor/Tr-no_467.jpg,2,0.782499,grouped_same_split
Training/notumor/Tr-no_312.jpg,Training/notumor/Tr-no_727.jpg,2,1.245892,grouped_same_split
Training/notumor/Tr-no_313.jpg,Training/notumor/Tr-no_615.jpg,0,1.561562,grouped_same_split
Training/notumor/Tr-no_314.jpg,Training/notumor/Tr-no_626.jpg,2,1.325917,grouped_same_split
Training/notumor/Tr-no_314.jpg,Training/notumor/Tr-no_665.jpg,2,1.290459,grouped_same_split
Training/notumor/Tr-no_317.jpg,Training/notumor/Tr-no_882.jpg,0,0.964836,grouped_same_split
Training/notumor/Tr-no_318.jpg,Training/notumor/Tr-no_54.jpg,2,2.596666,grouped_same_split
Training/notumor/Tr-no_319.jpg,Training/notumor/Tr-no_950.jpg,2,0.982265,grouped_same_split
Training/notumor/Tr-no_321.jpg,Training/notumor/Tr-no_536.jpg,0,0.410138,grouped_same_split
Training/notumor/Tr-no_321.jpg,Training/notumor/Tr-no_552.jpg,2,3.104542,grouped_same_split
Training/notumor/Tr-no_321.jpg,Training/notumor/Tr-no_56.jpg,0,1.047458,grouped_same_split
Training/notumor/Tr-no_321.jpg,Training/notumor/Tr-no_612.jpg,0,0.4375,grouped_same_split
Training/notumor/Tr-no_321.jpg,Training/notumor/Tr-no_657.jpg,2,1.401555,grouped_same_split
Training/notumor/Tr-no_322.jpg,Training/notumor/Tr-no_709.jpg,2,1.273318,grouped_same_split
Training/notumor/Tr-no_324.jpg,Training/notumor/Tr-no_570.jpg,0,2.30425,grouped_same_split
Training/notumor/Tr-no_326.jpg,Training/notumor/Tr-no_511.jpg,0,1.748953,grouped_same_split
Training/notumor/Tr-no_326.jpg,Training/notumor/Tr-no_547.jpg,2,1.676687,grouped_same_split
Training/notumor/Tr-no_326.jpg,Training/notumor/Tr-no_668.jpg,2,1.746439,grouped_same_split
Training/notumor/Tr-no_326.jpg,Training/notumor/Tr-no_689.jpg,2,2.85946,grouped_same_split
Training/notumor/Tr-no_328.jpg,Training/notumor/Tr-no_784.jpg,2,0.997066,grouped_same_split
Training/notumor/Tr-no_329.jpg,Training/notumor/Tr-no_374.jpg,2,1.515142,grouped_same_split
Training/notumor/Tr-no_332.jpg,Training/notumor/Tr-no_672.jpg,2,4.257662,grouped_same_split
Training/notumor/Tr-no_333.jpg,Training/notumor/Tr-no_599.jpg,2,0.939581,grouped_same_split
Training/notumor/Tr-no_334.jpg,Training/notumor/Tr-no_447.jpg,0,1.0209,grouped_same_split
Training/notumor/Tr-no_334.jpg,Training/notumor/Tr-no_499.jpg,0,0.363428,grouped_same_split
Training/notumor/Tr-no_334.jpg,Training/notumor/Tr-no_546.jpg,4,6.691296,grouped_same_split
Training/notumor/Tr-no_334.jpg,Training/notumor/Tr-no_651.jpg,0,1.08501,grouped_same_split
Training/notumor/Tr-no_334.jpg,Training/notumor/Tr-no_716.jpg,0,1.034205,grouped_same_split
Training/notumor/Tr-no_334.jpg,Training/notumor/Tr-no_986.jpg,0,1.047574,grouped_same_split
Training/notumor/Tr-no_338.jpg,Training/notumor/Tr-no_875.jpg,0,0.659775,grouped_same_split
Training/notumor/Tr-no_340.jpg,Training/notumor/Tr-no_855.jpg,0,1.003777,grouped_same_split
Training/notumor/Tr-no_343.jpg,Training/notumor/Tr-no_572.jpg,0,0.559454,grouped_same_split
Training/notumor/Tr-no_345.jpg,Training/notumor/Tr-no_673.jpg,2,3.198739,grouped_same_split
Training/notumor/Tr-no_347.jpg,Training/notumor/Tr-no_365.jpg,0,0.999267,grouped_same_split
Training/notumor/Tr-no_347.jpg,Training/notumor/Tr-no_386.jpg,0,0.688919,grouped_same_split
Training/notumor/Tr-no_35.jpg,Training/notumor/Tr-no_66.jpg,0,0.867293,grouped_same_split
Training/notumor/Tr-no_35.jpg,Training/notumor/Tr-no_773.jpg,0,1.220952,grouped_same_split
Training/notumor/Tr-no_352.jpg,Training/notumor/Tr-no_443.jpg,0,3.150404,grouped_same_split
Training/notumor/Tr-no_353.jpg,Training/notumor/Tr-no_596.jpg,2,2.547929,grouped_same_split
Training/notumor/Tr-no_358.jpg,Training/notumor/Tr-no_97.jpg,0,0.614561,grouped_same_split
Training/notumor/Tr-no_359.jpg,Training/notumor/Tr-no_655.jpg,2,5.351944,grouped_same_split
Training/notumor/Tr-no_36.jpg,Training/notumor/Tr-no_573.jpg,0,1.456733,grouped_same_split
Training/notumor/Tr-no_364.jpg,Training/notumor/Tr-no_845.jpg,0,0.679283,grouped_same_split
Training/notumor/Tr-no_365.jpg,Training/notumor/Tr-no_386.jpg,0,1.198754,grouped_same_split
Training/notumor/Tr-no_37.jpg,Training/notumor/Tr-no_514.jpg,0,4.216319,grouped_same_split
Training/notumor/Tr-no_37.jpg,Training/notumor/Tr-no_735.jpg,2,7.453813,grouped_same_split
Training/notumor/Tr-no_37.jpg,Training/notumor/Tr-no_74.jpg,2,3.610457,grouped_same_split
Training/notumor/Tr-no_37.jpg,Training/notumor/Tr-no_873.jpg,0,0.796109,grouped_same_split
Training/notumor/Tr-no_370.jpg,Training/notumor/Tr-no_435.jpg,2,3.309772,grouped_same_split
Training/notumor/Tr-no_372.jpg,Training/notumor/Tr-no_824.jpg,0,0.895954,grouped_same_split
Training/notumor/Tr-no_378.jpg,Training/notumor/Tr-no_613.jpg,0,1.007419,grouped_same_split
Training/notumor/Tr-no_379.jpg,Training/notumor/Tr-no_804.jpg,2,1.789591,grouped_same_split
Training/notumor/Tr-no_379.jpg,Training/notumor/Tr-no_870.jpg,2,3.558111,grouped_same_split
Training/notumor/Tr-no_381.jpg,Training/notumor/Tr-no_671.jpg,2,1.063534,grouped_same_split
Training/notumor/Tr-no_384.jpg,Training/notumor/Tr-no_868.jpg,0,1.028049,grouped_same_split
Training/notumor/Tr-no_385.jpg,Training/notumor/Tr-no_652.jpg,2,0.863202,grouped_same_split
Training/notumor/Tr-no_385.jpg,Training/notumor/Tr-no_904.jpg,2,1.281917,grouped_same_split
Training/notumor/Tr-no_388.jpg,Training/notumor/Tr-no_837.jpg,0,0.617138,grouped_same_split
Training/notumor/Tr-no_39.jpg,Training/notumor/Tr-no_614.jpg,0,0.61476,grouped_same_split
Training/notumor/Tr-no_390.jpg,Training/notumor/Tr-no_722.jpg,0,0.648579,grouped_same_split
Training/notumor/Tr-no_390.jpg,Training/notumor/Tr-no_731.jpg,0,0.956066,grouped_same_split
Training/notumor/Tr-no_392.jpg,Training/notumor/Tr-no_566.jpg,0,0.507271,grouped_same_split
Training/notumor/Tr-no_393.jpg,Training/notumor/Tr-no_678.jpg,0,0.567899,grouped_same_split
Training/notumor/Tr-no_394.jpg,Training/notumor/Tr-no_676.jpg,2,2.042278,grouped_same_split
Training/notumor/Tr-no_402.jpg,Training/notumor/Tr-no_488.jpg,0,1.473977,grouped_same_split
Training/notumor/Tr-no_402.jpg,Training/notumor/Tr-no_643.jpg,2,4.402065,grouped_same_split
Training/notumor/Tr-no_403.jpg,Training/notumor/Tr-no_690.jpg,0,4.241979,grouped_same_split
Training/notumor/Tr-no_404.jpg,Training/notumor/Tr-no_759.jpg,4,3.207428,grouped_same_split
Training/notumor/Tr-no_405.jpg,Training/notumor/Tr-no_966.jpg,0,0.819829,grouped_same_split
Training/notumor/Tr-no_413.jpg,Training/notumor/Tr-no_964.jpg,0,3.010966,grouped_same_split
Training/notumor/Tr-no_415.jpg,Training/notumor/Tr-no_908.jpg,0,0.71722,grouped_same_split
Training/notumor/Tr-no_417.jpg,Training/notumor/Tr-no_632.jpg,2,5.550593,grouped_same_split
Training/notumor/Tr-no_42.jpg,Training/notumor/Tr-no_774.jpg,0,0.837797,grouped_same_split
Training/notumor/Tr-no_42.jpg,Training/notumor/Tr-no_962.jpg,2,1.138161,grouped_same_split
Training/notumor/Tr-no_423.jpg,Training/notumor/Tr-no_474.jpg,0,0.315996,grouped_same_split
Training/notumor/Tr-no_424.jpg,Training/notumor/Tr-no_53.jpg,0,2.007919,grouped_same_split
Training/notumor/Tr-no_425.jpg,Training/notumor/Tr-no_558.jpg,0,1.962104,grouped_same_split
Training/notumor/Tr-no_425.jpg,Training/notumor/Tr-no_740.jpg,0,1.514013,grouped_same_split
Training/notumor/Tr-no_427.jpg,Training/notumor/Tr-no_47.jpg,0,4.233251,grouped_same_split
Training/notumor/Tr-no_43.jpg,Training/notumor/Tr-no_541.jpg,2,1.161201,grouped_same_split
Training/notumor/Tr-no_43.jpg,Training/notumor/Tr-no_575.jpg,0,0.809339,grouped_same_split
Training/notumor/Tr-no_43.jpg,Training/notumor/Tr-no_708.jpg,0,0.829598,grouped_same_split
Training/notumor/Tr-no_437.jpg,Training/notumor/Tr-no_473.jpg,0,0.404443,grouped_same_split
Training/notumor/Tr-no_439.jpg,Training/notumor/Tr-no_557.jpg,0,0.735704,grouped_same_split
Training/notumor/Tr-no_441.jpg,Training/notumor/Tr-no_627.jpg,0,0.41722,grouped_same_split
Training/notumor/Tr-no_441.jpg,Training/notumor/Tr-no_646.jpg,2,3.701015,grouped_same_split
Training/notumor/Tr-no_441.jpg,Training/notumor/Tr-no_877.jpg,0,0.616346,grouped_same_split
Training/notumor/Tr-no_441.jpg,Training/notumor/Tr-no_999.jpg,2,3.772815,grouped_same_split
Training/notumor/Tr-no_442.jpg,Training/notumor/Tr-no_872.jpg,0,0.921478,grouped_same_split
Training/notumor/Tr-no_447.jpg,Training/notumor/Tr-no_499.jpg,0,1.044891,grouped_same_split
Training/notumor/Tr-no_447.jpg,Training/notumor/Tr-no_546.jpg,4,6.767573,grouped_same_split
Training/notumor/Tr-no_447.jpg,Training/notumor/Tr-no_651.jpg,0,0.659034,grouped_same_split
Training/notumor/Tr-no_447.jpg,Training/notumor/Tr-no_716.jpg,0,0.524777,grouped_same_split
Training/notumor/Tr-no_447.jpg,Training/notumor/Tr-no_986.jpg,0,0.517751,grouped_same_split
Training/notumor/Tr-no_453.jpg,Training/notumor/Tr-no_588.jpg,0,0.712267,grouped_same_split
Training/notumor/Tr-no_461.jpg,Training/notumor/Tr-no_820.jpg,0,0.905307,grouped_same_split
Training/notumor/Tr-no_464.jpg,Training/notumor/Tr-no_681.jpg,0,0.954021,grouped_same_split
Training/notumor/Tr-no_465.jpg,Training/notumor/Tr-no_861.jpg,0,0.653454,grouped_same_split
Training/notumor/Tr-no_467.jpg,Training/notumor/Tr-no_727.jpg,0,1.085235,grouped_same_split
Training/notumor/Tr-no_469.jpg,Training/notumor/Tr-no_470.jpg,0,2.235085,grouped_same_split
Training/notumor/Tr-no_469.jpg,Training/notumor/Tr-no_772.jpg,0,0.811147,grouped_same_split
Training/notumor/Tr-no_470.jpg,Training/notumor/Tr-no_772.jpg,0,2.212635,grouped_same_split
Training/notumor/Tr-no_478.jpg,Training/notumor/Tr-no_512.jpg,2,3.517812,grouped_same_split
Training/notumor/Tr-no_488.jpg,Training/notumor/Tr-no_643.jpg,2,4.315217,grouped_same_split
Training/notumor/Tr-no_489.jpg,Training/notumor/Tr-no_532.jpg,2,2.736606,grouped_same_split
Training/notumor/Tr-no_491.jpg,Training/notumor/Tr-no_991.jpg,0,1.525819,grouped_same_split
Training/notumor/Tr-no_499.jpg,Training/notumor/Tr-no_546.jpg,4,6.659312,grouped_same_split
Training/notumor/Tr-no_499.jpg,Training/notumor/Tr-no_651.jpg,0,1.092745,grouped_same_split
Training/notumor/Tr-no_499.jpg,Training/notumor/Tr-no_716.jpg,0,1.052573,grouped_same_split
Training/notumor/Tr-no_499.jpg,Training/notumor/Tr-no_986.jpg,0,1.06273,grouped_same_split
Training/notumor/Tr-no_50.jpg,Training/notumor/Tr-no_799.jpg,2,1.298004,grouped_same_split
Training/notumor/Tr-no_50.jpg,Training/notumor/Tr-no_876.jpg,2,1.314823,grouped_same_split
Training/notumor/Tr-no_502.jpg,Training/notumor/Tr-no_736.jpg,0,0.92663,grouped_same_split
Training/notumor/Tr-no_502.jpg,Training/notumor/Tr-no_927.jpg,0,0.978779,grouped_same_split
Training/notumor/Tr-no_507.jpg,Training/notumor/Tr-no_758.jpg,0,1.035267,grouped_same_split
Training/notumor/Tr-no_508.jpg,Training/notumor/Tr-no_637.jpg,0,3.59779,grouped_same_split
Training/notumor/Tr-no_510.jpg,Training/notumor/Tr-no_730.jpg,0,1.271783,grouped_same_split
Training/notumor/Tr-no_511.jpg,Training/notumor/Tr-no_547.jpg,2,0.896499,grouped_same_split
Training/notumor/Tr-no_511.jpg,Training/notumor/Tr-no_668.jpg,2,0.86122,grouped_same_split
Training/notumor/Tr-no_511.jpg,Training/notumor/Tr-no_689.jpg,2,3.040578,grouped_same_split
Training/notumor/Tr-no_513.jpg,Training/notumor/Tr-no_996.jpg,2,1.419039,grouped_same_split
Training/notumor/Tr-no_514.jpg,Training/notumor/Tr-no_735.jpg,2,5.497358,grouped_same_split
Training/notumor/Tr-no_514.jpg,Training/notumor/Tr-no_74.jpg,2,2.896868,grouped_same_split
Training/notumor/Tr-no_514.jpg,Training/notumor/Tr-no_873.jpg,0,4.227537,grouped_same_split
Training/notumor/Tr-no_515.jpg,Training/notumor/Tr-no_787.jpg,2,1.197022,grouped_same_split
Training/notumor/Tr-no_519.jpg,Training/notumor/Tr-no_786.jpg,4,5.826219,grouped_same_split
Training/notumor/Tr-no_526.jpg,Training/notumor/Tr-no_623.jpg,2,1.161412,grouped_same_split
Training/notumor/Tr-no_536.jpg,Training/notumor/Tr-no_552.jpg,2,3.123632,grouped_same_split
Training/notumor/Tr-no_536.jpg,Training/notumor/Tr-no_56.jpg,0,1.075404,grouped_same_split
Training/notumor/Tr-no_536.jpg,Training/notumor/Tr-no_612.jpg,0,0.476242,grouped_same_split
Training/notumor/Tr-no_536.jpg,Training/notumor/Tr-no_657.jpg,2,1.42462,grouped_same_split
Training/notumor/Tr-no_538.jpg,Training/notumor/Tr-no_715.jpg,0,0.946958,grouped_same_split
Training/notumor/Tr-no_538.jpg,Training/notumor/Tr-no_936.jpg,0,4.58806,grouped_same_split
Training/notumor/Tr-no_539.jpg,Training/notumor/Tr-no_674.jpg,2,3.533462,grouped_same_split
Training/notumor/Tr-no_540.jpg,Training/notumor/Tr-no_96.jpg,0,0.632185,grouped_same_split
Training/notumor/Tr-no_541.jpg,Training/notumor/Tr-no_575.jpg,2,1.274755,grouped_same_split
Training/notumor/Tr-no_541.jpg,Training/notumor/Tr-no_708.jpg,2,1.104191,grouped_same_split
Training/notumor/Tr-no_542.jpg,Training/notumor/Tr-no_724.jpg,0,0.548658,grouped_same_split
Training/notumor/Tr-no_542.jpg,Training/notumor/Tr-no_982.jpg,0,0.518458,grouped_same_split
Training/notumor/Tr-no_544.jpg,Training/notumor/Tr-no_571.jpg,0,0.878064,grouped_same_split
Training/notumor/Tr-no_546.jpg,Training/notumor/Tr-no_651.jpg,4,6.681656,grouped_same_split
Training/notumor/Tr-no_546.jpg,Training/notumor/Tr-no_716.jpg,4,6.728681,grouped_same_split
Training/notumor/Tr-no_546.jpg,Training/notumor/Tr-no_986.jpg,4,6.726322,grouped_same_split
Training/notumor/Tr-no_547.jpg,Training/notumor/Tr-no_668.jpg,0,0.881117,grouped_same_split
Training/notumor/Tr-no_547.jpg,Training/notumor/Tr-no_689.jpg,2,3.044991,grouped_same_split
Training/notumor/Tr-no_55.jpg,Training/notumor/Tr-no_578.jpg,0,1.156039,grouped_same_split
Training/notumor/Tr-no_552.jpg,Training/notumor/Tr-no_56.jpg,2,3.1979,grouped_same_split
Training/notumor/Tr-no_552.jpg,Training/notumor/Tr-no_612.jpg,2,3.082762,grouped_same_split
Training/notumor/Tr-no_552.jpg,Training/notumor/Tr-no_657.jpg,2,3.134906,grouped_same_split
Training/notumor/Tr-no_553.jpg,Training/notumor/Tr-no_809.jpg,0,1.54498,grouped_same_split
Training/notumor/Tr-no_556.jpg,Training/notumor/Tr-no_739.jpg,0,1.593214,grouped_same_split
Training/notumor/Tr-no_558.jpg,Training/notumor/Tr-no_740.jpg,0,2.347913,grouped_same_split
Training/notumor/Tr-no_559.jpg,Training/notumor/Tr-no_620.jpg,0,0.843605,grouped_same_split
Training/notumor/Tr-no_559.jpg,Training/notumor/Tr-no_841.jpg,0,3.940692,grouped_same_split
Training/notumor/Tr-no_559.jpg,Training/notumor/Tr-no_955.jpg,0,0.426193,grouped_same_split
Training/notumor/Tr-no_56.jpg,Training/notumor/Tr-no_612.jpg,0,1.068,grouped_same_split
Training/notumor/Tr-no_56.jpg,Training/notumor/Tr-no_657.jpg,2,1.017186,grouped_same_split
Training/notumor/Tr-no_560.jpg,Training/notumor/Tr-no_958.jpg,2,4.12642,grouped_same_split
Training/notumor/Tr-no_568.jpg,Training/notumor/Tr-no_992.jpg,2,1.583299,grouped_same_split
Training/notumor/Tr-no_575.jpg,Training/notumor/Tr-no_708.jpg,0,1.017906,grouped_same_split
Training/notumor/Tr-no_579.jpg,Training/notumor/Tr-no_684.jpg,2,3.60721,grouped_same_split
Training/notumor/Tr-no_579.jpg,Training/notumor/Tr-no_822.jpg,0,5.050864,grouped_same_split
Training/notumor/Tr-no_586.jpg,Training/notumor/Tr-no_833.jpg,2,3.683426,grouped_same_split
Training/notumor/Tr-no_587.jpg,Training/notumor/Tr-no_696.jpg,0,0.879036,grouped_same_split
Training/notumor/Tr-no_587.jpg,Training/notumor/Tr-no_765.jpg,2,1.006449,grouped_same_split
Training/notumor/Tr-no_592.jpg,Training/notumor/Tr-no_65.jpg,0,0.955555,grouped_same_split
Training/notumor/Tr-no_595.jpg,Training/notumor/Tr-no_597.jpg,0,1.778781,grouped_same_split
Training/notumor/Tr-no_604.jpg,Training/notumor/Tr-no_717.jpg,0,0.703819,grouped_same_split
Training/notumor/Tr-no_61.jpg,Training/notumor/Tr-no_748.jpg,0,0.74461,grouped_same_split
Training/notumor/Tr-no_612.jpg,Training/notumor/Tr-no_657.jpg,2,1.400335,grouped_same_split
Training/notumor/Tr-no_620.jpg,Training/notumor/Tr-no_841.jpg,0,3.8125,grouped_same_split
Training/notumor/Tr-no_620.jpg,Training/notumor/Tr-no_955.jpg,0,0.864191,grouped_same_split
Training/notumor/Tr-no_622.jpg,Training/notumor/Tr-no_675.jpg,2,4.403645,grouped_same_split
Training/notumor/Tr-no_626.jpg,Training/notumor/Tr-no_665.jpg,0,0.863767,grouped_same_split
Training/notumor/Tr-no_627.jpg,Training/notumor/Tr-no_646.jpg,2,3.680276,grouped_same_split
Training/notumor/Tr-no_627.jpg,Training/notumor/Tr-no_877.jpg,0,0.575161,grouped_same_split
Training/notumor/Tr-no_627.jpg,Training/notumor/Tr-no_999.jpg,2,3.730025,grouped_same_split
Training/notumor/Tr-no_635.jpg,Training/notumor/Tr-no_834.jpg,2,4.830198,grouped_same_split
Training/notumor/Tr-no_635.jpg,Training/notumor/Tr-no_859.jpg,2,3.066643,grouped_same_split
Training/notumor/Tr-no_64.jpg,Training/notumor/Tr-no_788.jpg,0,0.63315,grouped_same_split
Training/notumor/Tr-no_646.jpg,Training/notumor/Tr-no_877.jpg,2,3.661555,grouped_same_split
Training/notumor/Tr-no_646.jpg,Training/notumor/Tr-no_999.jpg,2,0.821762,grouped_same_split
Training/notumor/Tr-no_648.jpg,Training/notumor/Tr-no_901.jpg,0,0.406851,grouped_same_split
Training/notumor/Tr-no_651.jpg,Training/notumor/Tr-no_716.jpg,0,0.694039,grouped_same_split
Training/notumor/Tr-no_651.jpg,Training/notumor/Tr-no_986.jpg,0,0.601309,grouped_same_split
Training/notumor/Tr-no_652.jpg,Training/notumor/Tr-no_904.jpg,0,0.915497,grouped_same_split
Training/notumor/Tr-no_653.jpg,Training/notumor/Tr-no_941.jpg,2,3.427578,grouped_same_split
Training/notumor/Tr-no_66.jpg,Training/notumor/Tr-no_773.jpg,0,1.249902,grouped_same_split
Training/notumor/Tr-no_666.jpg,Training/notumor/Tr-no_890.jpg,0,0.671148,grouped_same_split
Training/notumor/Tr-no_668.jpg,Training/notumor/Tr-no_689.jpg,2,3.042104,grouped_same_split
Training/notumor/Tr-no_669.jpg,Training/notumor/Tr-no_757.jpg,4,3.182479,grouped_same_split
Training/notumor/Tr-no_679.jpg,Training/notumor/Tr-no_921.jpg,2,3.865664,grouped_same_split
Training/notumor/Tr-no_680.jpg,Training/notumor/Tr-no_914.jpg,2,1.01358,grouped_same_split
Training/notumor/Tr-no_683.jpg,Training/notumor/Tr-no_821.jpg,2,1.494211,grouped_same_split
Training/notumor/Tr-no_684.jpg,Training/notumor/Tr-no_822.jpg,2,6.936497,grouped_same_split
Training/notumor/Tr-no_687.jpg,Training/notumor/Tr-no_929.jpg,0,0.958107,grouped_same_split
Training/notumor/Tr-no_694.jpg,Training/notumor/Tr-no_878.jpg,2,0.811598,grouped_same_split
Training/notumor/Tr-no_696.jpg,Training/notumor/Tr-no_765.jpg,2,0.666585,grouped_same_split
Training/notumor/Tr-no_701.jpg,Training/notumor/Tr-no_867.jpg,0,1.056162,grouped_same_split
Training/notumor/Tr-no_701.jpg,Training/notumor/Tr-no_984.jpg,0,1.047691,grouped_same_split
Training/notumor/Tr-no_703.jpg,Training/notumor/Tr-no_827.jpg,2,1.671437,grouped_same_split
Training/notumor/Tr-no_704.jpg,Training/notumor/Tr-no_994.jpg,2,0.970009,grouped_same_split
Training/notumor/Tr-no_714.jpg,Training/notumor/Tr-no_723.jpg,0,0.644993,grouped_same_split
Training/notumor/Tr-no_715.jpg,Training/notumor/Tr-no_936.jpg,0,4.570012,grouped_same_split
Training/notumor/Tr-no_716.jpg,Training/notumor/Tr-no_986.jpg,0,0.592515,grouped_same_split
Training/notumor/Tr-no_718.jpg,Training/notumor/Tr-no_847.jpg,2,0.834,grouped_same_split
Training/notumor/Tr-no_721.jpg,Training/notumor/Tr-no_751.jpg,2,0.913361,grouped_same_split
Training/notumor/Tr-no_722.jpg,Training/notumor/Tr-no_731.jpg,0,0.936067,grouped_same_split
Training/notumor/Tr-no_724.jpg,Training/notumor/Tr-no_982.jpg,0,0.571115,grouped_same_split
Training/notumor/Tr-no_733.jpg,Training/notumor/Tr-no_9.jpg,2,1.354337,grouped_same_split
Training/notumor/Tr-no_735.jpg,Training/notumor/Tr-no_74.jpg,2,5.178692,grouped_same_split
Training/notumor/Tr-no_735.jpg,Training/notumor/Tr-no_873.jpg,2,7.468897,grouped_same_split
Training/notumor/Tr-no_736.jpg,Training/notumor/Tr-no_927.jpg,0,1.153819,grouped_same_split
Training/notumor/Tr-no_74.jpg,Training/notumor/Tr-no_873.jpg,2,3.628534,grouped_same_split
Training/notumor/Tr-no_741.jpg,Training/notumor/Tr-no_976.jpg,0,0.553531,grouped_same_split
Training/notumor/Tr-no_744.jpg,Training/notumor/Tr-no_936.jpg,2,7.455467,grouped_same_split
Training/notumor/Tr-no_756.jpg,Training/notumor/Tr-no_944.jpg,2,1.468584,grouped_same_split
Training/notumor/Tr-no_770.jpg,Training/notumor/Tr-no_798.jpg,0,0.737195,grouped_same_split
Training/notumor/Tr-no_770.jpg,Training/notumor/Tr-no_951.jpg,2,4.442147,grouped_same_split
Training/notumor/Tr-no_771.jpg,Training/notumor/Tr-no_815.jpg,4,6.700502,grouped_same_split
Training/notumor/Tr-no_771.jpg,Training/notumor/Tr-no_852.jpg,0,1.408505,grouped_same_split
Training/notumor/Tr-no_774.jpg,Training/notumor/Tr-no_962.jpg,2,1.442332,grouped_same_split
Training/notumor/Tr-no_785.jpg,Training/notumor/Tr-no_981.jpg,0,3.748274,grouped_same_split
Training/notumor/Tr-no_798.jpg,Training/notumor/Tr-no_951.jpg,2,4.446102,grouped_same_split
Training/notumor/Tr-no_799.jpg,Training/notumor/Tr-no_876.jpg,0,0.458747,grouped_same_split
Training/notumor/Tr-no_804.jpg,Training/notumor/Tr-no_870.jpg,0,3.097772,grouped_same_split
Training/notumor/Tr-no_811.jpg,Training/notumor/Tr-no_948.jpg,2,4.24382,grouped_same_split
Training/notumor/Tr-no_815.jpg,Training/notumor/Tr-no_852.jpg,4,6.530783,grouped_same_split
Training/notumor/Tr-no_834.jpg,Training/notumor/Tr-no_859.jpg,2,4.184963,grouped_same_split
Training/notumor/Tr-no_841.jpg,Training/notumor/Tr-no_955.jpg,0,3.9938,grouped_same_split
Training/notumor/Tr-no_849.jpg,Training/notumor/Tr-no_973.jpg,2,1.360452,grouped_same_split
Training/notumor/Tr-no_856.jpg,Training/notumor/Tr-no_917.jpg,2,1.081629,grouped_same_split
Training/notumor/Tr-no_858.jpg,Training/notumor/Tr-no_985.jpg,0,0.428763,grouped_same_split
Training/notumor/Tr-no_862.jpg,Training/notumor/Tr-no_988.jpg,2,3.687235,grouped_same_split
Training/notumor/Tr-no_867.jpg,Training/notumor/Tr-no_984.jpg,0,0.709347,grouped_same_split
Training/notumor/Tr-no_877.jpg,Training/notumor/Tr-no_999.jpg,2,3.703125,grouped_same_split
Training/notumor/Tr-no_909.jpg,Training/notumor/Tr-no_975.jpg,0,1.47348,grouped_same_split
Training/pituitary/Tr-pi_1029.jpg,Training/pituitary/Tr-pi_17.jpg,0,2.505706,grouped_same_split
Training/pituitary/Tr-pi_1122.jpg,Training/pituitary/Tr-pi_1187.jpg,0,3.608766,grouped_same_split
Training/pituitary/Tr-pi_541.jpg,Training/pituitary/Tr-pi_960.jpg,0,1.190477,grouped_same_split
